BEGIN;             INSERT INTO doctor (iddoctor, nombre, descripcion, forma_atender, estado)             VALUES (350,'CLINICA MUNICIPAL','SIN OBSERVACIONES','CLINICA','ACTIVO');            INSERT INTO email (idemail, email) VALUES (2537, 'CLINICADENTALMUNICIPALTALCA@GMAIL.COM');                 INSERT INTO doctor_has_email (doctor_iddoctor, email_idemail) VALUES (350,2537);            INSERT INTO email (idemail, email) VALUES (2538, 'CONTACTO@SONREIMOSJUNTOATI.CL');                 INSERT INTO doctor_has_email (doctor_iddoctor, email_idemail) VALUES (350,2538);            COMMIT;            ROLLBACK;
BEGIN;             INSERT INTO doctor (iddoctor, nombre, descripcion, forma_atender, estado)             VALUES (351,'EL PEHUEN','SIN OBSERVACIONES','CLINICA','ACTIVO');            INSERT INTO email (idemail, email) VALUES (2539, 'ELPEHUENTALCA.RX@GMAIL.COM');                 INSERT INTO doctor_has_email (doctor_iddoctor, email_idemail) VALUES (351,2539);            INSERT INTO email (idemail, email) VALUES (2540, 'ELPEHUENUNOSUR.RX@GMAIL.COM');                 INSERT INTO doctor_has_email (doctor_iddoctor, email_idemail) VALUES (351,2540);            COMMIT;            ROLLBACK;
BEGIN;             INSERT INTO doctor (iddoctor, nombre, descripcion, forma_atender, estado)             VALUES (352,'ODONTOESTETICA','SIN OBSERVACIONES','CLINICA','ACTIVO');            INSERT INTO email (idemail, email) VALUES (2541, 'ODONTOESTETICATALCA@GMAIL.COM');                 INSERT INTO doctor_has_email (doctor_iddoctor, email_idemail) VALUES (352,2541);            INSERT INTO email (idemail, email) VALUES (2542, 'ODONTOESTETICASANJAVIER@GMAIL.COM');                 INSERT INTO doctor_has_email (doctor_iddoctor, email_idemail) VALUES (352,2542);            COMMIT;            ROLLBACK;
BEGIN;             INSERT INTO doctor (iddoctor, nombre, descripcion, forma_atender, estado)             VALUES (353,'ODONTOESTETICA','SIN OBSERVACIONES','CLINICA','ACTIVO');            INSERT INTO email (idemail, email) VALUES (2543, 'ODONTOESTETICATALCA@GMAIL.COM');                 INSERT INTO doctor_has_email (doctor_iddoctor, email_idemail) VALUES (353,2543);            INSERT INTO email (idemail, email) VALUES (2544, 'ODONTOESTETICASANJAVIER@GMAIL.COM');                 INSERT INTO doctor_has_email (doctor_iddoctor, email_idemail) VALUES (353,2544);            COMMIT;            ROLLBACK;
BEGIN;             INSERT INTO doctor (iddoctor, nombre, descripcion, forma_atender, estado)             VALUES (354,'ZAR','SIN OBSERVACIONES','CLINICA','ACTIVO');            INSERT INTO email (idemail, email) VALUES (2545, 'ZARORTODONCIA@HOTMAIL.COM');                 INSERT INTO doctor_has_email (doctor_iddoctor, email_idemail) VALUES (354,2545);            INSERT INTO email (idemail, email) VALUES (2546, 'ODONTOLOGICOSINTEGRALES@HOTMAIL.COM');                 INSERT INTO doctor_has_email (doctor_iddoctor, email_idemail) VALUES (354,2546);            COMMIT;            ROLLBACK;
BEGIN;             INSERT INTO doctor (iddoctor, nombre, descripcion, forma_atender, estado)             VALUES (355,'MY CLINIC','SIN OBSERVACIONES','CLINICA','ACTIVO');            INSERT INTO email (idemail, email) VALUES (2547, 'RAYOS@MYCLINIC.CL');                 INSERT INTO doctor_has_email (doctor_iddoctor, email_idemail) VALUES (355,2547);            INSERT INTO email (idemail, email) VALUES (2548, 'RAYOSMYCLINIC@GMAIL.COM');                 INSERT INTO doctor_has_email (doctor_iddoctor, email_idemail) VALUES (355,2548);            COMMIT;            ROLLBACK;
BEGIN;             INSERT INTO doctor (iddoctor, nombre, descripcion, forma_atender, estado)             VALUES (356,'CUMBRES DENTAL','SIN OBSERVACIONES','CLINICA','ACTIVO');            INSERT INTO email (idemail, email) VALUES (2549, 'CUMBRESDENTAL@GMAIL.COM');                 INSERT INTO doctor_has_email (doctor_iddoctor, email_idemail) VALUES (356,2549);            INSERT INTO email (idemail, email) VALUES (2550, 'SIN CORREO');                 INSERT INTO doctor_has_email (doctor_iddoctor, email_idemail) VALUES (356,2550);            COMMIT;            ROLLBACK;
BEGIN;             INSERT INTO doctor (iddoctor, nombre, descripcion, forma_atender, estado)             VALUES (357,'CIRUDENT','SIN OBSERVACIONES','CLINICA','ACTIVO');            INSERT INTO email (idemail, email) VALUES (2551, 'RXCIRUDENT@GMAIL.COM');                 INSERT INTO doctor_has_email (doctor_iddoctor, email_idemail) VALUES (357,2551);            INSERT INTO email (idemail, email) VALUES (2552, 'SIN CORREO');                 INSERT INTO doctor_has_email (doctor_iddoctor, email_idemail) VALUES (357,2552);            COMMIT;            ROLLBACK;
BEGIN;             INSERT INTO doctor (iddoctor, nombre, descripcion, forma_atender, estado)             VALUES (358,'LAS CRUCES','SIN OBSERVACIONES','CLINICA','ACTIVO');            INSERT INTO email (idemail, email) VALUES (2553, 'RX@CLINICALASCRUCES.CL');                 INSERT INTO doctor_has_email (doctor_iddoctor, email_idemail) VALUES (358,2553);            INSERT INTO email (idemail, email) VALUES (2554, 'SIN CORREO');                 INSERT INTO doctor_has_email (doctor_iddoctor, email_idemail) VALUES (358,2554);            COMMIT;            ROLLBACK;
BEGIN;             INSERT INTO doctor (iddoctor, nombre, descripcion, forma_atender, estado)             VALUES (359,'CIMA ODONTOLOGIA','SIN OBSERVACIONES','CLINICA','ACTIVO');            INSERT INTO email (idemail, email) VALUES (2555, 'CIMA.ODONTOINTEGRAL@GMAIL.COM');                 INSERT INTO doctor_has_email (doctor_iddoctor, email_idemail) VALUES (359,2555);            INSERT INTO email (idemail, email) VALUES (2556, 'SIN CORREO');                 INSERT INTO doctor_has_email (doctor_iddoctor, email_idemail) VALUES (359,2556);            COMMIT;            ROLLBACK;
BEGIN;             INSERT INTO doctor (iddoctor, nombre, descripcion, forma_atender, estado)             VALUES (360,'OASIS','SIN OBSERVACIONES','CLINICA','ACTIVO');            INSERT INTO email (idemail, email) VALUES (2557, 'OASISTALCA@GMAIL.COM');                 INSERT INTO doctor_has_email (doctor_iddoctor, email_idemail) VALUES (360,2557);            INSERT INTO email (idemail, email) VALUES (2558, 'SIN CORREO');                 INSERT INTO doctor_has_email (doctor_iddoctor, email_idemail) VALUES (360,2558);            COMMIT;            ROLLBACK;
BEGIN;             INSERT INTO doctor (iddoctor, nombre, descripcion, forma_atender, estado)             VALUES (361,'CLINICA MEDDENT','SIN OBSERVACIONES','CLINICA','ACTIVO');            INSERT INTO email (idemail, email) VALUES (2559, 'CLINICADENTALMEDDENT@GMAIL.COM');                 INSERT INTO doctor_has_email (doctor_iddoctor, email_idemail) VALUES (361,2559);            INSERT INTO email (idemail, email) VALUES (2560, 'SIN CORREO');                 INSERT INTO doctor_has_email (doctor_iddoctor, email_idemail) VALUES (361,2560);            COMMIT;            ROLLBACK;
BEGIN;             INSERT INTO doctor (iddoctor, nombre, descripcion, forma_atender, estado)             VALUES (362,'IOT','SIN OBSERVACIONES','CLINICA','ACTIVO');            INSERT INTO email (idemail, email) VALUES (2561, 'RX.IO.TALCA@GMAIL.COM');                 INSERT INTO doctor_has_email (doctor_iddoctor, email_idemail) VALUES (362,2561);            INSERT INTO email (idemail, email) VALUES (2562, 'SIN CORREO');                 INSERT INTO doctor_has_email (doctor_iddoctor, email_idemail) VALUES (362,2562);            COMMIT;            ROLLBACK;
BEGIN;             INSERT INTO doctor (iddoctor, nombre, descripcion, forma_atender, estado)             VALUES (363,'CLINICA VISSAE','SIN OBSERVACIONES','CLINICA','ACTIVO');            INSERT INTO email (idemail, email) VALUES (2563, 'AGENDA.CLINICAVISSAE@GMAIL.COM');                 INSERT INTO doctor_has_email (doctor_iddoctor, email_idemail) VALUES (363,2563);            INSERT INTO email (idemail, email) VALUES (2564, 'SIN CORREO');                 INSERT INTO doctor_has_email (doctor_iddoctor, email_idemail) VALUES (363,2564);            COMMIT;            ROLLBACK;
BEGIN;             INSERT INTO doctor (iddoctor, nombre, descripcion, forma_atender, estado)             VALUES (364,'CUMBRES DEL MAULE','SIN OBSERVACIONES','CLINICA','ACTIVO');            INSERT INTO email (idemail, email) VALUES (2565, 'CLINICADENTALCUMBRESDELMAULE@GMAIL.COM');                 INSERT INTO doctor_has_email (doctor_iddoctor, email_idemail) VALUES (364,2565);            INSERT INTO email (idemail, email) VALUES (2566, 'SIN CORREO');                 INSERT INTO doctor_has_email (doctor_iddoctor, email_idemail) VALUES (364,2566);            COMMIT;            ROLLBACK;
BEGIN;             INSERT INTO doctor (iddoctor, nombre, descripcion, forma_atender, estado)             VALUES (365,'DENTAL APEX','SIN OBSERVACIONES','CLINICA','ACTIVO');            INSERT INTO email (idemail, email) VALUES (2567, 'CLINICADENTALAPEX@GMAIL.COM');                 INSERT INTO doctor_has_email (doctor_iddoctor, email_idemail) VALUES (365,2567);            INSERT INTO email (idemail, email) VALUES (2568, 'SIN CORREO');                 INSERT INTO doctor_has_email (doctor_iddoctor, email_idemail) VALUES (365,2568);            COMMIT;            ROLLBACK;
BEGIN;             INSERT INTO doctor (iddoctor, nombre, descripcion, forma_atender, estado)             VALUES (366,'VIAMEDICAL','SIN OBSERVACIONES','CLINICA','ACTIVO');            INSERT INTO email (idemail, email) VALUES (2569, 'CONTACTO@VIAMEDICAL.CL');                 INSERT INTO doctor_has_email (doctor_iddoctor, email_idemail) VALUES (366,2569);            INSERT INTO email (idemail, email) VALUES (2570, 'SIN CORREO');                 INSERT INTO doctor_has_email (doctor_iddoctor, email_idemail) VALUES (366,2570);            COMMIT;            ROLLBACK;
BEGIN;             INSERT INTO doctor (iddoctor, nombre, descripcion, forma_atender, estado)             VALUES (367,'CLINICA PUCHI','SIN OBSERVACIONES','CLINICA','ACTIVO');            INSERT INTO email (idemail, email) VALUES (2571, 'RAYOS@CLINICAPUCHI.CL');                 INSERT INTO doctor_has_email (doctor_iddoctor, email_idemail) VALUES (367,2571);            INSERT INTO email (idemail, email) VALUES (2572, 'SIN CORREO');                 INSERT INTO doctor_has_email (doctor_iddoctor, email_idemail) VALUES (367,2572);            COMMIT;            ROLLBACK;
BEGIN;             INSERT INTO doctor (iddoctor, nombre, descripcion, forma_atender, estado)             VALUES (368,'MIADENT','SIN OBSERVACIONES','CLINICA','ACTIVO');            INSERT INTO email (idemail, email) VALUES (2573, 'MIAORTODONCIAYESTETICA@GMAIL.COM');                 INSERT INTO doctor_has_email (doctor_iddoctor, email_idemail) VALUES (368,2573);            INSERT INTO email (idemail, email) VALUES (2574, 'SIN CORREO');                 INSERT INTO doctor_has_email (doctor_iddoctor, email_idemail) VALUES (368,2574);            COMMIT;            ROLLBACK;
BEGIN;             INSERT INTO doctor (iddoctor, nombre, descripcion, forma_atender, estado)             VALUES (369,'EDEN SPA','SIN OBSERVACIONES','CLINICA','ACTIVO');            INSERT INTO email (idemail, email) VALUES (2575, 'RXEDENSPADENTAL@GMAIL.COM');                 INSERT INTO doctor_has_email (doctor_iddoctor, email_idemail) VALUES (369,2575);            INSERT INTO email (idemail, email) VALUES (2576, 'SIN CORREO');                 INSERT INTO doctor_has_email (doctor_iddoctor, email_idemail) VALUES (369,2576);            COMMIT;            ROLLBACK;
BEGIN;             INSERT INTO doctor (iddoctor, nombre, descripcion, forma_atender, estado)             VALUES (370,'DENTAL 11 ORIENTE','SIN OBSERVACIONES','CLINICA','ACTIVO');            INSERT INTO email (idemail, email) VALUES (2577, 'DENTAL11ORIENTE@GMAIL.COM');                 INSERT INTO doctor_has_email (doctor_iddoctor, email_idemail) VALUES (370,2577);            INSERT INTO email (idemail, email) VALUES (2578, 'SIN CORREO');                 INSERT INTO doctor_has_email (doctor_iddoctor, email_idemail) VALUES (370,2578);            COMMIT;            ROLLBACK;
BEGIN;             INSERT INTO doctor (iddoctor, nombre, descripcion, forma_atender, estado)             VALUES (371,'LAS RASTRAS','SIN OBSERVACIONES','CLINICA','ACTIVO');            INSERT INTO email (idemail, email) VALUES (2579, 'ODONTOLOGIALASRASTRAS@GMAIL.COM');                 INSERT INTO doctor_has_email (doctor_iddoctor, email_idemail) VALUES (371,2579);            INSERT INTO email (idemail, email) VALUES (2580, 'SIN CORREO');                 INSERT INTO doctor_has_email (doctor_iddoctor, email_idemail) VALUES (371,2580);            COMMIT;            ROLLBACK;
BEGIN;             INSERT INTO doctor (iddoctor, nombre, descripcion, forma_atender, estado)             VALUES (372,'FISIOSALUD','SIN OBSERVACIONES','CLINICA','ACTIVO');            INSERT INTO email (idemail, email) VALUES (2581, 'DENTAL@FISIOSALUD.CL');                 INSERT INTO doctor_has_email (doctor_iddoctor, email_idemail) VALUES (372,2581);            INSERT INTO email (idemail, email) VALUES (2582, 'SIN CORREO');                 INSERT INTO doctor_has_email (doctor_iddoctor, email_idemail) VALUES (372,2582);            COMMIT;            ROLLBACK;
BEGIN;             INSERT INTO doctor (iddoctor, nombre, descripcion, forma_atender, estado)             VALUES (373,'UNO SALUD','SIN OBSERVACIONES','CLINICA','ACTIVO');            INSERT INTO email (idemail, email) VALUES (2583, 'CONTACTOTALCA2@UNOSALUD.COM');                 INSERT INTO doctor_has_email (doctor_iddoctor, email_idemail) VALUES (373,2583);            INSERT INTO email (idemail, email) VALUES (2584, 'SIN CORREO');                 INSERT INTO doctor_has_email (doctor_iddoctor, email_idemail) VALUES (373,2584);            COMMIT;            ROLLBACK;
BEGIN;             INSERT INTO doctor (iddoctor, nombre, descripcion, forma_atender, estado)             VALUES (374,'CERFUS','SIN OBSERVACIONES','CLINICA','ACTIVO');            INSERT INTO email (idemail, email) VALUES (2585, 'CONTACTO@CERFUS.CL');                 INSERT INTO doctor_has_email (doctor_iddoctor, email_idemail) VALUES (374,2585);            INSERT INTO email (idemail, email) VALUES (2586, 'SIN CORREO');                 INSERT INTO doctor_has_email (doctor_iddoctor, email_idemail) VALUES (374,2586);            COMMIT;            ROLLBACK;
BEGIN;             INSERT INTO doctor (iddoctor, nombre, descripcion, forma_atender, estado)             VALUES (375,'SANTA MARTA','SIN OBSERVACIONES','CLINICA','ACTIVO');            INSERT INTO email (idemail, email) VALUES (2587, 'STAMARTA2020@HOTMAIL.COM');                 INSERT INTO doctor_has_email (doctor_iddoctor, email_idemail) VALUES (375,2587);            INSERT INTO email (idemail, email) VALUES (2588, 'SIN CORREO');                 INSERT INTO doctor_has_email (doctor_iddoctor, email_idemail) VALUES (375,2588);            COMMIT;            ROLLBACK;
BEGIN;             INSERT INTO doctor (iddoctor, nombre, descripcion, forma_atender, estado)             VALUES (376,'CYGNUS','SIN OBSERVACIONES','CLINICA','ACTIVO');            INSERT INTO email (idemail, email) VALUES (2589, 'CYGNUS.CENTRO.ODONTOLOGICO@GMAIL.COM');                 INSERT INTO doctor_has_email (doctor_iddoctor, email_idemail) VALUES (376,2589);            INSERT INTO email (idemail, email) VALUES (2590, 'SIN CORREO');                 INSERT INTO doctor_has_email (doctor_iddoctor, email_idemail) VALUES (376,2590);            COMMIT;            ROLLBACK;
BEGIN;             INSERT INTO doctor (iddoctor, nombre, descripcion, forma_atender, estado)             VALUES (377,'CREOSALUD','SIN OBSERVACIONES','CLINICA','ACTIVO');            INSERT INTO email (idemail, email) VALUES (2591, 'CONTACTO@CREOSALUD.COM');                 INSERT INTO doctor_has_email (doctor_iddoctor, email_idemail) VALUES (377,2591);            INSERT INTO email (idemail, email) VALUES (2592, 'SIN CORREO');                 INSERT INTO doctor_has_email (doctor_iddoctor, email_idemail) VALUES (377,2592);            COMMIT;            ROLLBACK;
BEGIN;             INSERT INTO doctor (iddoctor, nombre, descripcion, forma_atender, estado)             VALUES (378,'ODONTOIMAGEN','SIN OBSERVACIONES','CLINICA','ACTIVO');            INSERT INTO email (idemail, email) VALUES (2593, 'RX@ODONTOIMAGEN.CL');                 INSERT INTO doctor_has_email (doctor_iddoctor, email_idemail) VALUES (378,2593);            INSERT INTO email (idemail, email) VALUES (2594, 'SIN CORREO');                 INSERT INTO doctor_has_email (doctor_iddoctor, email_idemail) VALUES (378,2594);            COMMIT;            ROLLBACK;
BEGIN;             INSERT INTO doctor (iddoctor, nombre, descripcion, forma_atender, estado)             VALUES (379,'SONRISA TALQUINA','SIN OBSERVACIONES','CLINICA','ACTIVO');            INSERT INTO email (idemail, email) VALUES (2595, 'CO.SONRISATALQUINA@GMAIL.COM');                 INSERT INTO doctor_has_email (doctor_iddoctor, email_idemail) VALUES (379,2595);            INSERT INTO email (idemail, email) VALUES (2596, 'SIN CORREO');                 INSERT INTO doctor_has_email (doctor_iddoctor, email_idemail) VALUES (379,2596);            COMMIT;            ROLLBACK;
BEGIN;             INSERT INTO doctor (iddoctor, nombre, descripcion, forma_atender, estado)             VALUES (380,'CLINICA DENTAL BOREAL','SIN OBSERVACIONES','CLINICA','ACTIVO');            INSERT INTO email (idemail, email) VALUES (2597, 'CLINICADENTALBOREAL@GMAIL.COM');                 INSERT INTO doctor_has_email (doctor_iddoctor, email_idemail) VALUES (380,2597);            INSERT INTO email (idemail, email) VALUES (2598, 'SIN CORREO');                 INSERT INTO doctor_has_email (doctor_iddoctor, email_idemail) VALUES (380,2598);            COMMIT;            ROLLBACK;
BEGIN;             INSERT INTO doctor (iddoctor, nombre, descripcion, forma_atender, estado)             VALUES (381,'CLINICA PAZ','SIN OBSERVACIONES','CLINICA','ACTIVO');            INSERT INTO email (idemail, email) VALUES (2599, 'CLINICAODONTOLOGICAPAZ@GMAIL.COM');                 INSERT INTO doctor_has_email (doctor_iddoctor, email_idemail) VALUES (381,2599);            INSERT INTO email (idemail, email) VALUES (2600, 'SIN CORREO');                 INSERT INTO doctor_has_email (doctor_iddoctor, email_idemail) VALUES (381,2600);            COMMIT;            ROLLBACK;
BEGIN;             INSERT INTO doctor (iddoctor, nombre, descripcion, forma_atender, estado)             VALUES (382,'CLINICA NOSTRA','SIN OBSERVACIONES','CLINICA','ACTIVO');            INSERT INTO email (idemail, email) VALUES (2601, 'CLINICANOSTRA@GMAIL.COM');                 INSERT INTO doctor_has_email (doctor_iddoctor, email_idemail) VALUES (382,2601);            INSERT INTO email (idemail, email) VALUES (2602, 'SIN CORREO');                 INSERT INTO doctor_has_email (doctor_iddoctor, email_idemail) VALUES (382,2602);            COMMIT;            ROLLBACK;
BEGIN;             INSERT INTO doctor (iddoctor, nombre, descripcion, forma_atender, estado)             VALUES (383,'CLINICA DENTAL NUEVO HORIZONTE','SIN OBSERVACIONES','CLINICA','ACTIVO');            INSERT INTO email (idemail, email) VALUES (2603, 'NHORIZONTE.RX@GMAIL.COM');                 INSERT INTO doctor_has_email (doctor_iddoctor, email_idemail) VALUES (383,2603);            INSERT INTO email (idemail, email) VALUES (2604, 'SIN CORREO');                 INSERT INTO doctor_has_email (doctor_iddoctor, email_idemail) VALUES (383,2604);            COMMIT;            ROLLBACK;
BEGIN;             INSERT INTO doctor (iddoctor, nombre, descripcion, forma_atender, estado)             VALUES (384,'ALTA SONRISA','SIN OBSERVACIONES','CLINICA','ACTIVO');            INSERT INTO email (idemail, email) VALUES (2605, 'RXALTASONRISATALCA@GMAIL.COM');                 INSERT INTO doctor_has_email (doctor_iddoctor, email_idemail) VALUES (384,2605);            INSERT INTO email (idemail, email) VALUES (2606, 'SIN CORREO');                 INSERT INTO doctor_has_email (doctor_iddoctor, email_idemail) VALUES (384,2606);            COMMIT;            ROLLBACK;
BEGIN;             INSERT INTO doctor (iddoctor, nombre, descripcion, forma_atender, estado)             VALUES (385,'DENTAL PLUS','SIN OBSERVACIONES','CLINICA','ACTIVO');            INSERT INTO email (idemail, email) VALUES (2607, 'DENTALPLUSTALCA@GMAIL.COM');                 INSERT INTO doctor_has_email (doctor_iddoctor, email_idemail) VALUES (385,2607);            INSERT INTO email (idemail, email) VALUES (2608, 'SIN CORREO');                 INSERT INTO doctor_has_email (doctor_iddoctor, email_idemail) VALUES (385,2608);            COMMIT;            ROLLBACK;
BEGIN;             INSERT INTO doctor (iddoctor, nombre, descripcion, forma_atender, estado)             VALUES (386,'RIE TALCA','SIN OBSERVACIONES','CLINICA','ACTIVO');            INSERT INTO email (idemail, email) VALUES (2609, 'CLINICADENTALRIETALCA@GMAIL.COM');                 INSERT INTO doctor_has_email (doctor_iddoctor, email_idemail) VALUES (386,2609);            INSERT INTO email (idemail, email) VALUES (2610, 'SIN CORREO');                 INSERT INTO doctor_has_email (doctor_iddoctor, email_idemail) VALUES (386,2610);            COMMIT;            ROLLBACK;
BEGIN;             INSERT INTO doctor (iddoctor, nombre, descripcion, forma_atender, estado)             VALUES (387,'VITALDENT','SIN OBSERVACIONES','CLINICA','ACTIVO');            INSERT INTO email (idemail, email) VALUES (2611, 'RXVITALDENT@OUTLOOK.COM');                 INSERT INTO doctor_has_email (doctor_iddoctor, email_idemail) VALUES (387,2611);            INSERT INTO email (idemail, email) VALUES (2612, 'SIN CORREO');                 INSERT INTO doctor_has_email (doctor_iddoctor, email_idemail) VALUES (387,2612);            COMMIT;            ROLLBACK;
BEGIN;             INSERT INTO doctor (iddoctor, nombre, descripcion, forma_atender, estado)             VALUES (388,'ORTHOVITAL','SIN OBSERVACIONES','CLINICA','ACTIVO');            INSERT INTO email (idemail, email) VALUES (2613, 'ORTHOVITAL1@GMAIL.COM');                 INSERT INTO doctor_has_email (doctor_iddoctor, email_idemail) VALUES (388,2613);            INSERT INTO email (idemail, email) VALUES (2614, 'SIN CORREO');                 INSERT INTO doctor_has_email (doctor_iddoctor, email_idemail) VALUES (388,2614);            COMMIT;            ROLLBACK;
BEGIN;             INSERT INTO doctor (iddoctor, nombre, descripcion, forma_atender, estado)             VALUES (389,'AKUDENT','SIN OBSERVACIONES','CLINICA','ACTIVO');            INSERT INTO email (idemail, email) VALUES (2615, 'CLINICA.AKUDENT@GMAIL.COM');                 INSERT INTO doctor_has_email (doctor_iddoctor, email_idemail) VALUES (389,2615);            INSERT INTO email (idemail, email) VALUES (2616, 'SIN CORREO');                 INSERT INTO doctor_has_email (doctor_iddoctor, email_idemail) VALUES (389,2616);            COMMIT;            ROLLBACK;
BEGIN;             INSERT INTO doctor (iddoctor, nombre, descripcion, forma_atender, estado)             VALUES (390,'ALIWEN','SIN OBSERVACIONES','CLINICA','ACTIVO');            INSERT INTO email (idemail, email) VALUES (2617, 'CLINICAALIWEN@GMAIL.COM');                 INSERT INTO doctor_has_email (doctor_iddoctor, email_idemail) VALUES (390,2617);            INSERT INTO email (idemail, email) VALUES (2618, 'SIN CORREO');                 INSERT INTO doctor_has_email (doctor_iddoctor, email_idemail) VALUES (390,2618);            COMMIT;            ROLLBACK;
BEGIN;             INSERT INTO doctor (iddoctor, nombre, descripcion, forma_atender, estado)             VALUES (391,'CLINICA DENTAL CERO','SIN OBSERVACIONES','CLINICA','ACTIVO');            INSERT INTO email (idemail, email) VALUES (2619, 'CLINICADENTALCEROTALCA@GMAIL.COM');                 INSERT INTO doctor_has_email (doctor_iddoctor, email_idemail) VALUES (391,2619);            INSERT INTO email (idemail, email) VALUES (2620, 'SIN CORREO');                 INSERT INTO doctor_has_email (doctor_iddoctor, email_idemail) VALUES (391,2620);            COMMIT;            ROLLBACK;
BEGIN;             INSERT INTO doctor (iddoctor, nombre, descripcion, forma_atender, estado)             VALUES (392,'PRISMA TALCA','SIN OBSERVACIONES','CLINICA','ACTIVO');            INSERT INTO email (idemail, email) VALUES (2621, 'PRISMA.TALCA@GMAIL.COM');                 INSERT INTO doctor_has_email (doctor_iddoctor, email_idemail) VALUES (392,2621);            INSERT INTO email (idemail, email) VALUES (2622, 'SIN CORREO');                 INSERT INTO doctor_has_email (doctor_iddoctor, email_idemail) VALUES (392,2622);            COMMIT;            ROLLBACK;
BEGIN;             INSERT INTO doctor (iddoctor, nombre, descripcion, forma_atender, estado)             VALUES (393,'LUMINA','SIN OBSERVACIONES','CLINICA','ACTIVO');            INSERT INTO email (idemail, email) VALUES (2623, 'RAYOS.LUMINA@GMAIL.COM');                 INSERT INTO doctor_has_email (doctor_iddoctor, email_idemail) VALUES (393,2623);            INSERT INTO email (idemail, email) VALUES (2624, 'SIN CORREO');                 INSERT INTO doctor_has_email (doctor_iddoctor, email_idemail) VALUES (393,2624);            COMMIT;            ROLLBACK;
BEGIN;             INSERT INTO doctor (iddoctor, nombre, descripcion, forma_atender, estado)             VALUES (394,'CASTRO CONTARDO','SIN OBSERVACIONES','CLINICA','ACTIVO');            INSERT INTO email (idemail, email) VALUES (2625, 'CLINICACASTROCONTARDO@GMAIL.COM');                 INSERT INTO doctor_has_email (doctor_iddoctor, email_idemail) VALUES (394,2625);            INSERT INTO email (idemail, email) VALUES (2626, 'SIN CORREO');                 INSERT INTO doctor_has_email (doctor_iddoctor, email_idemail) VALUES (394,2626);            COMMIT;            ROLLBACK;
BEGIN;             INSERT INTO doctor (iddoctor, nombre, descripcion, forma_atender, estado)             VALUES (395,'LYM','SIN OBSERVACIONES','CLINICA','ACTIVO');            INSERT INTO email (idemail, email) VALUES (2627, 'LYMCENTROODONTOLOGICO@GMAIL.COM');                 INSERT INTO doctor_has_email (doctor_iddoctor, email_idemail) VALUES (395,2627);            INSERT INTO email (idemail, email) VALUES (2628, 'SIN CORREO');                 INSERT INTO doctor_has_email (doctor_iddoctor, email_idemail) VALUES (395,2628);            COMMIT;            ROLLBACK;
BEGIN;             INSERT INTO doctor (iddoctor, nombre, descripcion, forma_atender, estado)             VALUES (396,'ODONTOESTUDIO','SIN OBSERVACIONES','CLINICA','ACTIVO');            INSERT INTO email (idemail, email) VALUES (2629, 'RX.ODONTOESTUDIOTALCA@GMAIL.COM');                 INSERT INTO doctor_has_email (doctor_iddoctor, email_idemail) VALUES (396,2629);            INSERT INTO email (idemail, email) VALUES (2630, 'SIN CORREO');                 INSERT INTO doctor_has_email (doctor_iddoctor, email_idemail) VALUES (396,2630);            COMMIT;            ROLLBACK;
BEGIN;             INSERT INTO doctor (iddoctor, nombre, descripcion, forma_atender, estado)             VALUES (397,'NOVA ERA','SIN OBSERVACIONES','CLINICA','ACTIVO');            INSERT INTO email (idemail, email) VALUES (2631, 'NOVAERAODONTOLOGIA@GMAIL.COM');                 INSERT INTO doctor_has_email (doctor_iddoctor, email_idemail) VALUES (397,2631);            INSERT INTO email (idemail, email) VALUES (2632, 'SIN CORREO');                 INSERT INTO doctor_has_email (doctor_iddoctor, email_idemail) VALUES (397,2632);            COMMIT;            ROLLBACK;
BEGIN;             INSERT INTO doctor (iddoctor, nombre, descripcion, forma_atender, estado)             VALUES (398,'SANIDENT','SIN OBSERVACIONES','CLINICA','ACTIVO');            INSERT INTO email (idemail, email) VALUES (2633, 'SANIDENTRCCSPA@GMAIL.COM');                 INSERT INTO doctor_has_email (doctor_iddoctor, email_idemail) VALUES (398,2633);            INSERT INTO email (idemail, email) VALUES (2634, 'SIN CORREO');                 INSERT INTO doctor_has_email (doctor_iddoctor, email_idemail) VALUES (398,2634);            COMMIT;            ROLLBACK;
BEGIN;             INSERT INTO doctor (iddoctor, nombre, descripcion, forma_atender, estado)             VALUES (399,'CLINICA VITASONRISA','SIN OBSERVACIONES','CLINICA','ACTIVO');            INSERT INTO email (idemail, email) VALUES (2635, 'CLINICAVITASONRISA@GMAIL.COM');                 INSERT INTO doctor_has_email (doctor_iddoctor, email_idemail) VALUES (399,2635);            INSERT INTO email (idemail, email) VALUES (2636, 'SIN CORREO');                 INSERT INTO doctor_has_email (doctor_iddoctor, email_idemail) VALUES (399,2636);            COMMIT;            ROLLBACK;
BEGIN;             INSERT INTO doctor (iddoctor, nombre, descripcion, forma_atender, estado)             VALUES (400,'DENTAL SANTABLANCA ','SIN OBSERVACIONES','CLINICA','ACTIVO');            INSERT INTO email (idemail, email) VALUES (2637, 'RXSANTABLANCATALCA@GMAIL.COM');                 INSERT INTO doctor_has_email (doctor_iddoctor, email_idemail) VALUES (400,2637);            INSERT INTO email (idemail, email) VALUES (2638, 'SIN CORREO');                 INSERT INTO doctor_has_email (doctor_iddoctor, email_idemail) VALUES (400,2638);            COMMIT;            ROLLBACK;
BEGIN;             INSERT INTO doctor (iddoctor, nombre, descripcion, forma_atender, estado)             VALUES (401,'CLINICA NASH','SIN OBSERVACIONES','CLINICA','ACTIVO');            INSERT INTO email (idemail, email) VALUES (2639, 'MARIAANGELINANASH@GMAIL.COM');                 INSERT INTO doctor_has_email (doctor_iddoctor, email_idemail) VALUES (401,2639);            INSERT INTO email (idemail, email) VALUES (2640, 'SIN CORREO');                 INSERT INTO doctor_has_email (doctor_iddoctor, email_idemail) VALUES (401,2640);            COMMIT;            ROLLBACK;
BEGIN;             INSERT INTO doctor (iddoctor, nombre, descripcion, forma_atender, estado)             VALUES (402,'CESFAM LA FLORIDA','SIN OBSERVACIONES','CLINICA','ACTIVO');            INSERT INTO email (idemail, email) VALUES (2641, 'RXCESFAMLAFLORIDA@GMAIL.COM');                 INSERT INTO doctor_has_email (doctor_iddoctor, email_idemail) VALUES (402,2641);            INSERT INTO email (idemail, email) VALUES (2642, 'SIN CORREO');                 INSERT INTO doctor_has_email (doctor_iddoctor, email_idemail) VALUES (402,2642);            COMMIT;            ROLLBACK;
BEGIN;             INSERT INTO doctor (iddoctor, nombre, descripcion, forma_atender, estado)             VALUES (403,'CESFAM CARLOS TRUPP','SIN OBSERVACIONES','CLINICA','ACTIVO');            INSERT INTO email (idemail, email) VALUES (2643, 'RXCTRUPP@GMAIL.COM');                 INSERT INTO doctor_has_email (doctor_iddoctor, email_idemail) VALUES (403,2643);            INSERT INTO email (idemail, email) VALUES (2644, 'SIN CORREO');                 INSERT INTO doctor_has_email (doctor_iddoctor, email_idemail) VALUES (403,2644);            COMMIT;            ROLLBACK;
BEGIN;             INSERT INTO doctor (iddoctor, nombre, descripcion, forma_atender, estado)             VALUES (404,'CONSULTORIO PELARCO','SIN OBSERVACIONES','CLINICA','ACTIVO');            INSERT INTO email (idemail, email) VALUES (2645, 'DENTAL@SALUDPELARCO.CL');                 INSERT INTO doctor_has_email (doctor_iddoctor, email_idemail) VALUES (404,2645);            INSERT INTO email (idemail, email) VALUES (2646, 'SIN CORREO');                 INSERT INTO doctor_has_email (doctor_iddoctor, email_idemail) VALUES (404,2646);            COMMIT;            ROLLBACK;
BEGIN;             INSERT INTO doctor (iddoctor, nombre, descripcion, forma_atender, estado)             VALUES (405,'CONSULTORIO RIO CLARO','SIN OBSERVACIONES','CLINICA','ACTIVO');            INSERT INTO email (idemail, email) VALUES (2647, 'RXRIOCLARO@GMAIL.COM');                 INSERT INTO doctor_has_email (doctor_iddoctor, email_idemail) VALUES (405,2647);            INSERT INTO email (idemail, email) VALUES (2648, 'SIN CORREO');                 INSERT INTO doctor_has_email (doctor_iddoctor, email_idemail) VALUES (405,2648);            COMMIT;            ROLLBACK;
BEGIN;             INSERT INTO doctor (iddoctor, nombre, descripcion, forma_atender, estado)             VALUES (406,'CONSULTORIO SAN RAFAEL','SIN OBSERVACIONES','CLINICA','ACTIVO');            INSERT INTO email (idemail, email) VALUES (2649, 'RXDENTALSANRAFAEL@GMAIL.COM');                 INSERT INTO doctor_has_email (doctor_iddoctor, email_idemail) VALUES (406,2649);            INSERT INTO email (idemail, email) VALUES (2650, 'SIN CORREO');                 INSERT INTO doctor_has_email (doctor_iddoctor, email_idemail) VALUES (406,2650);            COMMIT;            ROLLBACK;
BEGIN;             INSERT INTO doctor (iddoctor, nombre, descripcion, forma_atender, estado)             VALUES (407,'CONSULTORIO ASTABURUAGA','SIN OBSERVACIONES','CLINICA','ACTIVO');            INSERT INTO email (idemail, email) VALUES (2651, 'DENTALASTABURUAGA@GMAIL.COM');                 INSERT INTO doctor_has_email (doctor_iddoctor, email_idemail) VALUES (407,2651);            INSERT INTO email (idemail, email) VALUES (2652, 'SIN CORREO');                 INSERT INTO doctor_has_email (doctor_iddoctor, email_idemail) VALUES (407,2652);            COMMIT;            ROLLBACK;
BEGIN;             INSERT INTO doctor (iddoctor, nombre, descripcion, forma_atender, estado)             VALUES (408,'CESFAM JULIO CONTARDO','SIN OBSERVACIONES','CLINICA','ACTIVO');            INSERT INTO email (idemail, email) VALUES (2653, 'RXJULIOCONTARDO@GMAIL.COM');                 INSERT INTO doctor_has_email (doctor_iddoctor, email_idemail) VALUES (408,2653);            INSERT INTO email (idemail, email) VALUES (2654, 'SIN CORREO');                 INSERT INTO doctor_has_email (doctor_iddoctor, email_idemail) VALUES (408,2654);            COMMIT;            ROLLBACK;
BEGIN;             INSERT INTO doctor (iddoctor, nombre, descripcion, forma_atender, estado)             VALUES (409,'CESFAM BICENTENARIO','SIN OBSERVACIONES','CLINICA','ACTIVO');            INSERT INTO email (idemail, email) VALUES (2655, 'RX.BICENTENARIO@GMAIL.COM');                 INSERT INTO doctor_has_email (doctor_iddoctor, email_idemail) VALUES (409,2655);            INSERT INTO email (idemail, email) VALUES (2656, 'SIN CORREO');                 INSERT INTO doctor_has_email (doctor_iddoctor, email_idemail) VALUES (409,2656);            COMMIT;            ROLLBACK;
BEGIN;             INSERT INTO doctor (iddoctor, nombre, descripcion, forma_atender, estado)             VALUES (410,'CESFAM MAULE','SIN OBSERVACIONES','CLINICA','ACTIVO');            INSERT INTO email (idemail, email) VALUES (2657, 'DENTALCSMAULE@GMAIL.COM');                 INSERT INTO doctor_has_email (doctor_iddoctor, email_idemail) VALUES (410,2657);            INSERT INTO email (idemail, email) VALUES (2658, 'SIN CORREO');                 INSERT INTO doctor_has_email (doctor_iddoctor, email_idemail) VALUES (410,2658);            COMMIT;            ROLLBACK;
BEGIN;             INSERT INTO doctor (iddoctor, nombre, descripcion, forma_atender, estado)             VALUES (411,'CESFAM FAUSTINO GONZALEZ','SIN OBSERVACIONES','CLINICA','ACTIVO');            INSERT INTO email (idemail, email) VALUES (2659, 'CESFAMFAUSTINO.DENTAL@GMAIL.COM');                 INSERT INTO doctor_has_email (doctor_iddoctor, email_idemail) VALUES (411,2659);            INSERT INTO email (idemail, email) VALUES (2660, 'SIN CORREO');                 INSERT INTO doctor_has_email (doctor_iddoctor, email_idemail) VALUES (411,2660);            COMMIT;            ROLLBACK;
BEGIN;             INSERT INTO doctor (iddoctor, nombre, descripcion, forma_atender, estado)             VALUES (412,'CESFAM LAS AMERICAS','SIN OBSERVACIONES','CLINICA','ACTIVO');            INSERT INTO email (idemail, email) VALUES (2661, 'RXDENTALAMERICAS@GMAIL.COM');                 INSERT INTO doctor_has_email (doctor_iddoctor, email_idemail) VALUES (412,2661);            INSERT INTO email (idemail, email) VALUES (2662, 'SIN CORREO');                 INSERT INTO doctor_has_email (doctor_iddoctor, email_idemail) VALUES (412,2662);            COMMIT;            ROLLBACK;
BEGIN;             INSERT INTO doctor (iddoctor, nombre, descripcion, forma_atender, estado)             VALUES (413,'CESFAM MAGISTERIO','SIN OBSERVACIONES','CLINICA','ACTIVO');            INSERT INTO email (idemail, email) VALUES (2663, 'DENTALMAGISTERIO@GMAIL.COM');                 INSERT INTO doctor_has_email (doctor_iddoctor, email_idemail) VALUES (413,2663);            INSERT INTO email (idemail, email) VALUES (2664, 'SIN CORREO');                 INSERT INTO doctor_has_email (doctor_iddoctor, email_idemail) VALUES (413,2664);            COMMIT;            ROLLBACK;
BEGIN;             INSERT INTO doctor (iddoctor, nombre, descripcion, forma_atender, estado)             VALUES (414,'CONSULTORIO PENCAHUE','SIN OBSERVACIONES','CLINICA','ACTIVO');            INSERT INTO email (idemail, email) VALUES (2665, 'DENTALPENCAHUE@GMAIL.COM');                 INSERT INTO doctor_has_email (doctor_iddoctor, email_idemail) VALUES (414,2665);            INSERT INTO email (idemail, email) VALUES (2666, 'SIN CORREO');                 INSERT INTO doctor_has_email (doctor_iddoctor, email_idemail) VALUES (414,2666);            COMMIT;            ROLLBACK;
BEGIN;             INSERT INTO doctor (iddoctor, nombre, descripcion, forma_atender, estado)             VALUES (415,'HOSPITAL DE TALCA (RADIOGRAFÍAS)','SIN OBSERVACIONES','CLINICA','ACTIVO');            INSERT INTO email (idemail, email) VALUES (2667, 'IMAGENOLOGIADIGITAL@HOSPITALDETALCA.CL');                 INSERT INTO doctor_has_email (doctor_iddoctor, email_idemail) VALUES (415,2667);            INSERT INTO email (idemail, email) VALUES (2668, 'SIN CORREO');                 INSERT INTO doctor_has_email (doctor_iddoctor, email_idemail) VALUES (415,2668);            COMMIT;            ROLLBACK;
BEGIN;             INSERT INTO doctor (iddoctor, nombre, descripcion, forma_atender, estado)             VALUES (416,'MODULO DENTAL','SIN OBSERVACIONES','CLINICA','ACTIVO');            INSERT INTO email (idemail, email) VALUES (2669, 'MDENTAL@APSTALCA.CL');                 INSERT INTO doctor_has_email (doctor_iddoctor, email_idemail) VALUES (416,2669);            INSERT INTO email (idemail, email) VALUES (2670, 'SIN CORREO');                 INSERT INTO doctor_has_email (doctor_iddoctor, email_idemail) VALUES (416,2670);            COMMIT;            ROLLBACK;
BEGIN;             INSERT INTO doctor (iddoctor, nombre, descripcion, forma_atender, estado)             VALUES (417,'CLINICA DENTAL DE LA MUJER','SIN OBSERVACIONES','CLINICA','ACTIVO');            INSERT INTO email (idemail, email) VALUES (2671, 'DENTAL02CASADELAMUJER@GMAIL.COM');                 INSERT INTO doctor_has_email (doctor_iddoctor, email_idemail) VALUES (417,2671);            INSERT INTO email (idemail, email) VALUES (2672, 'SIN CORREO');                 INSERT INTO doctor_has_email (doctor_iddoctor, email_idemail) VALUES (417,2672);            COMMIT;            ROLLBACK;
BEGIN;             INSERT INTO doctor (iddoctor, nombre, descripcion, forma_atender, estado)             VALUES (418,'POSTA MERCEDES','SIN OBSERVACIONES','CLINICA','ACTIVO');            INSERT INTO email (idemail, email) VALUES (2673, 'RXDENTALPOSTAMERCEDES@GMAIL.COM');                 INSERT INTO doctor_has_email (doctor_iddoctor, email_idemail) VALUES (418,2673);            INSERT INTO email (idemail, email) VALUES (2674, 'SIN CORREO');                 INSERT INTO doctor_has_email (doctor_iddoctor, email_idemail) VALUES (418,2674);            COMMIT;            ROLLBACK;
BEGIN;             INSERT INTO doctor (iddoctor, nombre, descripcion, forma_atender, estado)             VALUES (419,'UNIDAD DENTAL MOVIL','SIN OBSERVACIONES','CLINICA','ACTIVO');            INSERT INTO email (idemail, email) VALUES (2675, '4MEDIOSBOXYCLINICAS@GMAIL.COM');                 INSERT INTO doctor_has_email (doctor_iddoctor, email_idemail) VALUES (419,2675);            INSERT INTO email (idemail, email) VALUES (2676, 'SIN CORREO');                 INSERT INTO doctor_has_email (doctor_iddoctor, email_idemail) VALUES (419,2676);            COMMIT;            ROLLBACK;
BEGIN;             INSERT INTO doctor (iddoctor, nombre, descripcion, forma_atender, estado)             VALUES (420,'CESFAM CUREPTO','SIN OBSERVACIONES','CLINICA','ACTIVO');            INSERT INTO email (idemail, email) VALUES (2677, 'DENTALCUREPTO@GMAIL.COM');                 INSERT INTO doctor_has_email (doctor_iddoctor, email_idemail) VALUES (420,2677);            INSERT INTO email (idemail, email) VALUES (2678, 'SIN CORREO');                 INSERT INTO doctor_has_email (doctor_iddoctor, email_idemail) VALUES (420,2678);            COMMIT;            ROLLBACK;