BEGIN;             INSERT INTO doctor (iddoctor, nombre, descripcion, forma_atender, estado)             VALUES (10,'AARON MIRANDA','(SE ENVIA AL MAIL SEGÚN LA ORDEN)','DOCTOR','ACTIVO');            INSERT INTO email (idemail, email) VALUES (1517, 'CUMBRESDENTAL@GMAIL.COM');                 INSERT INTO doctor_has_email (doctor_iddoctor, email_idemail) VALUES (10,1517);            INSERT INTO email (idemail, email) VALUES (1518, 'AAMIRANDAVILA@GMAIL.COM');                 INSERT INTO doctor_has_email (doctor_iddoctor, email_idemail) VALUES (10,1518);            INSERT INTO email (idemail, email) VALUES (1519, 'SIN CORREO');                 INSERT INTO doctor_has_email (doctor_iddoctor, email_idemail) VALUES (10,1519);            COMMIT;            ROLLBACK;
BEGIN;             INSERT INTO doctor (iddoctor, nombre, descripcion, forma_atender, estado)             VALUES (11,'ADOLFO SILVA','(SIN OBSERVACION)','DOCTOR','ACTIVO');            INSERT INTO email (idemail, email) VALUES (1520, 'A.HSILVA6@GMAIL.COM');                 INSERT INTO doctor_has_email (doctor_iddoctor, email_idemail) VALUES (11,1520);            INSERT INTO email (idemail, email) VALUES (1521, 'SIN CORREO');                 INSERT INTO doctor_has_email (doctor_iddoctor, email_idemail) VALUES (11,1521);            INSERT INTO email (idemail, email) VALUES (1522, 'SIN CORREO');                 INSERT INTO doctor_has_email (doctor_iddoctor, email_idemail) VALUES (11,1522);            COMMIT;            ROLLBACK;
BEGIN;             INSERT INTO doctor (iddoctor, nombre, descripcion, forma_atender, estado)             VALUES (12,'ALBERTO INZULZA','(SIN OBSERVACION)','DOCTOR','ACTIVO');            INSERT INTO email (idemail, email) VALUES (1523, 'AINZULZAG@GMAIL.COM');                 INSERT INTO doctor_has_email (doctor_iddoctor, email_idemail) VALUES (12,1523);            INSERT INTO email (idemail, email) VALUES (1524, 'SIN CORREO');                 INSERT INTO doctor_has_email (doctor_iddoctor, email_idemail) VALUES (12,1524);            INSERT INTO email (idemail, email) VALUES (1525, 'SIN CORREO');                 INSERT INTO doctor_has_email (doctor_iddoctor, email_idemail) VALUES (12,1525);            COMMIT;            ROLLBACK;
BEGIN;             INSERT INTO doctor (iddoctor, nombre, descripcion, forma_atender, estado)             VALUES (13,'ALEJANDRA MUÑOZ','(SE ENVIA AL MAIL SEGÚN LA ORDEN)','DOCTOR','ACTIVO');            INSERT INTO email (idemail, email) VALUES (1526, 'CYGNUS.CENTRO.ODONTOLOGICO@GMAIL.COM');                 INSERT INTO doctor_has_email (doctor_iddoctor, email_idemail) VALUES (13,1526);            INSERT INTO email (idemail, email) VALUES (1527, 'ALE.MUNOZ.ECHEVERRIA@GMAIL.COM');                 INSERT INTO doctor_has_email (doctor_iddoctor, email_idemail) VALUES (13,1527);            INSERT INTO email (idemail, email) VALUES (1528, 'SIN CORREO');                 INSERT INTO doctor_has_email (doctor_iddoctor, email_idemail) VALUES (13,1528);            COMMIT;            ROLLBACK;
BEGIN;             INSERT INTO doctor (iddoctor, nombre, descripcion, forma_atender, estado)             VALUES (14,'ALEJANDRO DAIGRE','(SE DEBE ENVIAR A AMBOS CORREOS)','DOCTOR','ACTIVO');            INSERT INTO email (idemail, email) VALUES (1529, 'ADAIGREB@YAHOO.ES');                 INSERT INTO doctor_has_email (doctor_iddoctor, email_idemail) VALUES (14,1529);            INSERT INTO email (idemail, email) VALUES (1530, 'DR.ADAIGREB@GMAIL.COM');                 INSERT INTO doctor_has_email (doctor_iddoctor, email_idemail) VALUES (14,1530);            INSERT INTO email (idemail, email) VALUES (1531, 'SIN CORREO');                 INSERT INTO doctor_has_email (doctor_iddoctor, email_idemail) VALUES (14,1531);            COMMIT;            ROLLBACK;
BEGIN;             INSERT INTO doctor (iddoctor, nombre, descripcion, forma_atender, estado)             VALUES (15,'ALEJANDRO FUENTES','(SE ENVIA AL MAIL SEGÚN LA ORDEN)','DOCTOR','ACTIVO');            INSERT INTO email (idemail, email) VALUES (1532, 'ALEMATERA26@GMAIL.COM');                 INSERT INTO doctor_has_email (doctor_iddoctor, email_idemail) VALUES (15,1532);            INSERT INTO email (idemail, email) VALUES (1533, 'CIMA.ODONTOINTEGRAL@GMAIL.COM');                 INSERT INTO doctor_has_email (doctor_iddoctor, email_idemail) VALUES (15,1533);            INSERT INTO email (idemail, email) VALUES (1534, 'MARIAANGELINANASH@GMAIL.COM');                 INSERT INTO doctor_has_email (doctor_iddoctor, email_idemail) VALUES (15,1534);            COMMIT;            ROLLBACK;
BEGIN;             INSERT INTO doctor (iddoctor, nombre, descripcion, forma_atender, estado)             VALUES (16,'ALEJANDRO TORRES','(SIN OBSERVACION)','DOCTOR','ACTIVO');            INSERT INTO email (idemail, email) VALUES (1535, 'ELPEHUENTALCA.RX@GMAIL.COM');                 INSERT INTO doctor_has_email (doctor_iddoctor, email_idemail) VALUES (16,1535);            INSERT INTO email (idemail, email) VALUES (1536, 'SIN CORREO');                 INSERT INTO doctor_has_email (doctor_iddoctor, email_idemail) VALUES (16,1536);            INSERT INTO email (idemail, email) VALUES (1537, 'SIN CORREO');                 INSERT INTO doctor_has_email (doctor_iddoctor, email_idemail) VALUES (16,1537);            COMMIT;            ROLLBACK;
BEGIN;             INSERT INTO doctor (iddoctor, nombre, descripcion, forma_atender, estado)             VALUES (17,'ALEXANDER GUZMAN','(SIN OBSERVACION)','DOCTOR','ACTIVO');            INSERT INTO email (idemail, email) VALUES (1538, 'CLINICAORTODENTIK@GMAIL.COM');                 INSERT INTO doctor_has_email (doctor_iddoctor, email_idemail) VALUES (17,1538);            INSERT INTO email (idemail, email) VALUES (1539, 'SIN CORREO');                 INSERT INTO doctor_has_email (doctor_iddoctor, email_idemail) VALUES (17,1539);            INSERT INTO email (idemail, email) VALUES (1540, 'SIN CORREO');                 INSERT INTO doctor_has_email (doctor_iddoctor, email_idemail) VALUES (17,1540);            COMMIT;            ROLLBACK;
BEGIN;             INSERT INTO doctor (iddoctor, nombre, descripcion, forma_atender, estado)             VALUES (18,'ALFREDO ESPINOZA','(SIN OBSERVACION)','DOCTOR','ACTIVO');            INSERT INTO email (idemail, email) VALUES (1541, 'ESPINOZAARCOS@GMAIL.COM');                 INSERT INTO doctor_has_email (doctor_iddoctor, email_idemail) VALUES (18,1541);            INSERT INTO email (idemail, email) VALUES (1542, 'SIN CORREO');                 INSERT INTO doctor_has_email (doctor_iddoctor, email_idemail) VALUES (18,1542);            INSERT INTO email (idemail, email) VALUES (1543, 'SIN CORREO');                 INSERT INTO doctor_has_email (doctor_iddoctor, email_idemail) VALUES (18,1543);            COMMIT;            ROLLBACK;
BEGIN;             INSERT INTO doctor (iddoctor, nombre, descripcion, forma_atender, estado)             VALUES (19,'ALICIA ARAVENA','(SIN OBSERVACION)','DOCTOR','ACTIVO');            INSERT INTO email (idemail, email) VALUES (1544, 'ALICIAARAVENADENTISTA@GMAIL.COM');                 INSERT INTO doctor_has_email (doctor_iddoctor, email_idemail) VALUES (19,1544);            INSERT INTO email (idemail, email) VALUES (1545, 'SIN CORREO');                 INSERT INTO doctor_has_email (doctor_iddoctor, email_idemail) VALUES (19,1545);            INSERT INTO email (idemail, email) VALUES (1546, 'SIN CORREO');                 INSERT INTO doctor_has_email (doctor_iddoctor, email_idemail) VALUES (19,1546);            COMMIT;            ROLLBACK;
BEGIN;             INSERT INTO doctor (iddoctor, nombre, descripcion, forma_atender, estado)             VALUES (20,'ÁlVARO ARRIAGADA','(SIN OBSERVACION)','DOCTOR','ACTIVO');            INSERT INTO email (idemail, email) VALUES (1547, 'ARRIAGADADOC@GMAIL.COM');                 INSERT INTO doctor_has_email (doctor_iddoctor, email_idemail) VALUES (20,1547);            INSERT INTO email (idemail, email) VALUES (1548, 'SIN CORREO');                 INSERT INTO doctor_has_email (doctor_iddoctor, email_idemail) VALUES (20,1548);            INSERT INTO email (idemail, email) VALUES (1549, 'SIN CORREO');                 INSERT INTO doctor_has_email (doctor_iddoctor, email_idemail) VALUES (20,1549);            COMMIT;            ROLLBACK;
BEGIN;             INSERT INTO doctor (iddoctor, nombre, descripcion, forma_atender, estado)             VALUES (21,'ÁLVARO DIAZ','(SIN OBSERVACION)','DOCTOR','ACTIVO');            INSERT INTO email (idemail, email) VALUES (1550, 'RXCTRUPP@GMAIL.COM');                 INSERT INTO doctor_has_email (doctor_iddoctor, email_idemail) VALUES (21,1550);            INSERT INTO email (idemail, email) VALUES (1551, 'SIN CORREO');                 INSERT INTO doctor_has_email (doctor_iddoctor, email_idemail) VALUES (21,1551);            INSERT INTO email (idemail, email) VALUES (1552, 'SIN CORREO');                 INSERT INTO doctor_has_email (doctor_iddoctor, email_idemail) VALUES (21,1552);            COMMIT;            ROLLBACK;
BEGIN;             INSERT INTO doctor (iddoctor, nombre, descripcion, forma_atender, estado)             VALUES (22,'ALVARO GONZALEZ','(SIN OBSERVACION)','DOCTOR','ACTIVO');            INSERT INTO email (idemail, email) VALUES (1553, 'AGONZALEZ@UTALCA.CL');                 INSERT INTO doctor_has_email (doctor_iddoctor, email_idemail) VALUES (22,1553);            INSERT INTO email (idemail, email) VALUES (1554, 'SIN CORREO');                 INSERT INTO doctor_has_email (doctor_iddoctor, email_idemail) VALUES (22,1554);            INSERT INTO email (idemail, email) VALUES (1555, 'SIN CORREO');                 INSERT INTO doctor_has_email (doctor_iddoctor, email_idemail) VALUES (22,1555);            COMMIT;            ROLLBACK;
BEGIN;             INSERT INTO doctor (iddoctor, nombre, descripcion, forma_atender, estado)             VALUES (23,'ÁLVARO MUÑOZ AEDO','(SIN OBSERVACION)','DOCTOR','ACTIVO');            INSERT INTO email (idemail, email) VALUES (1556, 'DENTALMYN@GMAIL.COM');                 INSERT INTO doctor_has_email (doctor_iddoctor, email_idemail) VALUES (23,1556);            INSERT INTO email (idemail, email) VALUES (1557, 'SIN CORREO');                 INSERT INTO doctor_has_email (doctor_iddoctor, email_idemail) VALUES (23,1557);            INSERT INTO email (idemail, email) VALUES (1558, 'SIN CORREO');                 INSERT INTO doctor_has_email (doctor_iddoctor, email_idemail) VALUES (23,1558);            COMMIT;            ROLLBACK;
BEGIN;             INSERT INTO doctor (iddoctor, nombre, descripcion, forma_atender, estado)             VALUES (24,'AMANDA DEL CANTO','(SE ENVIA AL MAIL SEGÚN LA ORDEN)','DOCTOR','ACTIVO');            INSERT INTO email (idemail, email) VALUES (1559, 'ELPEHUENUNOSUR.RX@GMAIL.COM');                 INSERT INTO doctor_has_email (doctor_iddoctor, email_idemail) VALUES (24,1559);            INSERT INTO email (idemail, email) VALUES (1560, 'DRA.DELCANTO@GMAIL.COM');                 INSERT INTO doctor_has_email (doctor_iddoctor, email_idemail) VALUES (24,1560);            INSERT INTO email (idemail, email) VALUES (1561, 'SIN CORREO');                 INSERT INTO doctor_has_email (doctor_iddoctor, email_idemail) VALUES (24,1561);            COMMIT;            ROLLBACK;
BEGIN;             INSERT INTO doctor (iddoctor, nombre, descripcion, forma_atender, estado)             VALUES (25,'ANA MARIA TOLEDO','(SIN OBSERVACION)','DOCTOR','ACTIVO');            INSERT INTO email (idemail, email) VALUES (1562, 'ANMATOLEDOSALAZAR@GMAIL.COM');                 INSERT INTO doctor_has_email (doctor_iddoctor, email_idemail) VALUES (25,1562);            INSERT INTO email (idemail, email) VALUES (1563, 'SIN CORREO');                 INSERT INTO doctor_has_email (doctor_iddoctor, email_idemail) VALUES (25,1563);            INSERT INTO email (idemail, email) VALUES (1564, 'SIN CORREO');                 INSERT INTO doctor_has_email (doctor_iddoctor, email_idemail) VALUES (25,1564);            COMMIT;            ROLLBACK;
BEGIN;             INSERT INTO doctor (iddoctor, nombre, descripcion, forma_atender, estado)             VALUES (26,'ANDREA BEROIZA','(SE ENVIA AL MAIL SEGÚN LA ORDEN)','DOCTOR','ACTIVO');            INSERT INTO email (idemail, email) VALUES (1565, 'ODONTOLOGIABERAST@GMAIL.COM');                 INSERT INTO doctor_has_email (doctor_iddoctor, email_idemail) VALUES (26,1565);            INSERT INTO email (idemail, email) VALUES (1566, 'A.BEROIZA11@GMAIL.COM');                 INSERT INTO doctor_has_email (doctor_iddoctor, email_idemail) VALUES (26,1566);            INSERT INTO email (idemail, email) VALUES (1567, 'SIN CORREO');                 INSERT INTO doctor_has_email (doctor_iddoctor, email_idemail) VALUES (26,1567);            COMMIT;            ROLLBACK;
BEGIN;             INSERT INTO doctor (iddoctor, nombre, descripcion, forma_atender, estado)             VALUES (27,'ANDREA MORAN','(SE ENVIA AL MAIL SEGÚN LA ORDEN)','DOCTOR','ACTIVO');            INSERT INTO email (idemail, email) VALUES (1568, 'INNOVADENT.TALCA@GMAIL.COM');                 INSERT INTO doctor_has_email (doctor_iddoctor, email_idemail) VALUES (27,1568);            INSERT INTO email (idemail, email) VALUES (1569, 'DRAMORAN@GMAIL.COM');                 INSERT INTO doctor_has_email (doctor_iddoctor, email_idemail) VALUES (27,1569);            INSERT INTO email (idemail, email) VALUES (1570, 'ACMORANROJAS@GMAIL.COM');                 INSERT INTO doctor_has_email (doctor_iddoctor, email_idemail) VALUES (27,1570);            COMMIT;            ROLLBACK;
BEGIN;             INSERT INTO doctor (iddoctor, nombre, descripcion, forma_atender, estado)             VALUES (28,'ANDRES AGUAYO','(SE ENVIA AL MAIL SEGÚN LA ORDEN)','DOCTOR','ACTIVO');            INSERT INTO email (idemail, email) VALUES (1571, 'RX@CLINICALASCRUCES.CL');                 INSERT INTO doctor_has_email (doctor_iddoctor, email_idemail) VALUES (28,1571);            INSERT INTO email (idemail, email) VALUES (1572, 'ANDRESAGUAYO25@GMAIL.COM');                 INSERT INTO doctor_has_email (doctor_iddoctor, email_idemail) VALUES (28,1572);            INSERT INTO email (idemail, email) VALUES (1573, 'SIN CORREO');                 INSERT INTO doctor_has_email (doctor_iddoctor, email_idemail) VALUES (28,1573);            COMMIT;            ROLLBACK;
BEGIN;             INSERT INTO doctor (iddoctor, nombre, descripcion, forma_atender, estado)             VALUES (29,'ANDRES SCHLOSSER','(SIN OBSERVACION)','DOCTOR','ACTIVO');            INSERT INTO email (idemail, email) VALUES (1574, 'ANDRESSCHLOSSER@GMAIL.COM');                 INSERT INTO doctor_has_email (doctor_iddoctor, email_idemail) VALUES (29,1574);            INSERT INTO email (idemail, email) VALUES (1575, 'SIN CORREO');                 INSERT INTO doctor_has_email (doctor_iddoctor, email_idemail) VALUES (29,1575);            INSERT INTO email (idemail, email) VALUES (1576, 'SIN CORREO');                 INSERT INTO doctor_has_email (doctor_iddoctor, email_idemail) VALUES (29,1576);            COMMIT;            ROLLBACK;
BEGIN;             INSERT INTO doctor (iddoctor, nombre, descripcion, forma_atender, estado)             VALUES (30,'ANGELA DIAZ','(SIN OBSERVACION)','DOCTOR','ACTIVO');            INSERT INTO email (idemail, email) VALUES (1577, 'PROSONREIR202011@GMAIL.COM');                 INSERT INTO doctor_has_email (doctor_iddoctor, email_idemail) VALUES (30,1577);            INSERT INTO email (idemail, email) VALUES (1578, 'SIN CORREO');                 INSERT INTO doctor_has_email (doctor_iddoctor, email_idemail) VALUES (30,1578);            INSERT INTO email (idemail, email) VALUES (1579, 'SIN CORREO');                 INSERT INTO doctor_has_email (doctor_iddoctor, email_idemail) VALUES (30,1579);            COMMIT;            ROLLBACK;
BEGIN;             INSERT INTO doctor (iddoctor, nombre, descripcion, forma_atender, estado)             VALUES (31,'ANGELICA DIAZ','(SIN OBSERVACION)','DOCTOR','ACTIVO');            INSERT INTO email (idemail, email) VALUES (1580, 'DENTALCUREPTO@GMAIL.COM');                 INSERT INTO doctor_has_email (doctor_iddoctor, email_idemail) VALUES (31,1580);            INSERT INTO email (idemail, email) VALUES (1581, 'SIN CORREO');                 INSERT INTO doctor_has_email (doctor_iddoctor, email_idemail) VALUES (31,1581);            INSERT INTO email (idemail, email) VALUES (1582, 'SIN CORREO');                 INSERT INTO doctor_has_email (doctor_iddoctor, email_idemail) VALUES (31,1582);            COMMIT;            ROLLBACK;
BEGIN;             INSERT INTO doctor (iddoctor, nombre, descripcion, forma_atender, estado)             VALUES (32,'ARIEL SOTO BELTRAN','(SIN OBSERVACION)','DOCTOR','ACTIVO');            INSERT INTO email (idemail, email) VALUES (1583, 'ARIELSOTOBELTRAN@GMAIL.COM');                 INSERT INTO doctor_has_email (doctor_iddoctor, email_idemail) VALUES (32,1583);            INSERT INTO email (idemail, email) VALUES (1584, 'SIN CORREO');                 INSERT INTO doctor_has_email (doctor_iddoctor, email_idemail) VALUES (32,1584);            INSERT INTO email (idemail, email) VALUES (1585, 'SIN CORREO');                 INSERT INTO doctor_has_email (doctor_iddoctor, email_idemail) VALUES (32,1585);            COMMIT;            ROLLBACK;
BEGIN;             INSERT INTO doctor (iddoctor, nombre, descripcion, forma_atender, estado)             VALUES (33,'ARMANDO ESPINOSA','(SE DEBE ENVIAR A AMBOS CORREOS)','DOCTOR','ACTIVO');            INSERT INTO email (idemail, email) VALUES (1586, 'DR.ARMANDO_ESPINOSA@HOTMAIL.COM');                 INSERT INTO doctor_has_email (doctor_iddoctor, email_idemail) VALUES (33,1586);            INSERT INTO email (idemail, email) VALUES (1587, 'CINTALDENT@GMAIL.COM');                 INSERT INTO doctor_has_email (doctor_iddoctor, email_idemail) VALUES (33,1587);            INSERT INTO email (idemail, email) VALUES (1588, 'SIN CORREO');                 INSERT INTO doctor_has_email (doctor_iddoctor, email_idemail) VALUES (33,1588);            COMMIT;            ROLLBACK;
BEGIN;             INSERT INTO doctor (iddoctor, nombre, descripcion, forma_atender, estado)             VALUES (34,'BARBARA CONCHA MARABOLI','(SIN OBSERVACION)','DOCTOR','ACTIVO');            INSERT INTO email (idemail, email) VALUES (1589, 'BARBARACONCHAMARABOLI@GMAIL.COM');                 INSERT INTO doctor_has_email (doctor_iddoctor, email_idemail) VALUES (34,1589);            INSERT INTO email (idemail, email) VALUES (1590, 'SIN CORREO');                 INSERT INTO doctor_has_email (doctor_iddoctor, email_idemail) VALUES (34,1590);            INSERT INTO email (idemail, email) VALUES (1591, 'SIN CORREO');                 INSERT INTO doctor_has_email (doctor_iddoctor, email_idemail) VALUES (34,1591);            COMMIT;            ROLLBACK;
BEGIN;             INSERT INTO doctor (iddoctor, nombre, descripcion, forma_atender, estado)             VALUES (35,'BARBARA GUZMAN','(SIN OBSERVACION)','DOCTOR','ACTIVO');            INSERT INTO email (idemail, email) VALUES (1592, 'BGUZMANSALAS@GMAIL.COM');                 INSERT INTO doctor_has_email (doctor_iddoctor, email_idemail) VALUES (35,1592);            INSERT INTO email (idemail, email) VALUES (1593, 'SIN CORREO');                 INSERT INTO doctor_has_email (doctor_iddoctor, email_idemail) VALUES (35,1593);            INSERT INTO email (idemail, email) VALUES (1594, 'SIN CORREO');                 INSERT INTO doctor_has_email (doctor_iddoctor, email_idemail) VALUES (35,1594);            COMMIT;            ROLLBACK;
BEGIN;             INSERT INTO doctor (iddoctor, nombre, descripcion, forma_atender, estado)             VALUES (36,'BELEN SAN MARTIN','(SIN OBSERVACION)','DOCTOR','ACTIVO');            INSERT INTO email (idemail, email) VALUES (1595, 'DENTAL@SALUDPELARCO.CL');                 INSERT INTO doctor_has_email (doctor_iddoctor, email_idemail) VALUES (36,1595);            INSERT INTO email (idemail, email) VALUES (1596, 'SIN CORREO');                 INSERT INTO doctor_has_email (doctor_iddoctor, email_idemail) VALUES (36,1596);            INSERT INTO email (idemail, email) VALUES (1597, 'SIN CORREO');                 INSERT INTO doctor_has_email (doctor_iddoctor, email_idemail) VALUES (36,1597);            COMMIT;            ROLLBACK;
BEGIN;             INSERT INTO doctor (iddoctor, nombre, descripcion, forma_atender, estado)             VALUES (37,'BELFOR FISCHER','(SIN OBSERVACION)','DOCTOR','ACTIVO');            INSERT INTO email (idemail, email) VALUES (1598, 'STAMARTA2020@HOTMAIL.COM');                 INSERT INTO doctor_has_email (doctor_iddoctor, email_idemail) VALUES (37,1598);            INSERT INTO email (idemail, email) VALUES (1599, 'SIN CORREO');                 INSERT INTO doctor_has_email (doctor_iddoctor, email_idemail) VALUES (37,1599);            INSERT INTO email (idemail, email) VALUES (1600, 'SIN CORREO');                 INSERT INTO doctor_has_email (doctor_iddoctor, email_idemail) VALUES (37,1600);            COMMIT;            ROLLBACK;
BEGIN;             INSERT INTO doctor (iddoctor, nombre, descripcion, forma_atender, estado)             VALUES (38,'BERNARDITA ECKARDT','(SE DEBE ENVIAR A AMBOS CORREOS)','DOCTOR','ACTIVO');            INSERT INTO email (idemail, email) VALUES (1601, 'BECKARDT@VIAMEDICAL.CL');                 INSERT INTO doctor_has_email (doctor_iddoctor, email_idemail) VALUES (38,1601);            INSERT INTO email (idemail, email) VALUES (1602, 'CONTACTO@VIAMEDICAL.CL');                 INSERT INTO doctor_has_email (doctor_iddoctor, email_idemail) VALUES (38,1602);            INSERT INTO email (idemail, email) VALUES (1603, 'SIN CORREO');                 INSERT INTO doctor_has_email (doctor_iddoctor, email_idemail) VALUES (38,1603);            COMMIT;            ROLLBACK;
BEGIN;             INSERT INTO doctor (iddoctor, nombre, descripcion, forma_atender, estado)             VALUES (39,'BERNARDITA VIACAVA','(SIN OBSERVACION)','DOCTOR','ACTIVO');            INSERT INTO email (idemail, email) VALUES (1604, 'BSVIACAVA@GMAIL.COM');                 INSERT INTO doctor_has_email (doctor_iddoctor, email_idemail) VALUES (39,1604);            INSERT INTO email (idemail, email) VALUES (1605, 'SIN CORREO');                 INSERT INTO doctor_has_email (doctor_iddoctor, email_idemail) VALUES (39,1605);            INSERT INTO email (idemail, email) VALUES (1606, 'SIN CORREO');                 INSERT INTO doctor_has_email (doctor_iddoctor, email_idemail) VALUES (39,1606);            COMMIT;            ROLLBACK;
BEGIN;             INSERT INTO doctor (iddoctor, nombre, descripcion, forma_atender, estado)             VALUES (40,'BRYAN BARRA','(SE ENVIA AL MAIL SEGÚN LA ORDEN)','DOCTOR','ACTIVO');            INSERT INTO email (idemail, email) VALUES (1607, 'ODONTOLOGIABRYANBARRA@GMAIL.COM');                 INSERT INTO doctor_has_email (doctor_iddoctor, email_idemail) VALUES (40,1607);            INSERT INTO email (idemail, email) VALUES (1608, 'ODONTOESTETICATALCA@GMAIL.COM');                 INSERT INTO doctor_has_email (doctor_iddoctor, email_idemail) VALUES (40,1608);            INSERT INTO email (idemail, email) VALUES (1609, 'SIN CORREO');                 INSERT INTO doctor_has_email (doctor_iddoctor, email_idemail) VALUES (40,1609);            COMMIT;            ROLLBACK;
BEGIN;             INSERT INTO doctor (iddoctor, nombre, descripcion, forma_atender, estado)             VALUES (41,'BYRON CASTILLO','(SIN OBSERVACION)','DOCTOR','ACTIVO');            INSERT INTO email (idemail, email) VALUES (1610, 'BYRON.SEBASTIAN20@GMAIL.COM');                 INSERT INTO doctor_has_email (doctor_iddoctor, email_idemail) VALUES (41,1610);            INSERT INTO email (idemail, email) VALUES (1611, 'SIN CORREO');                 INSERT INTO doctor_has_email (doctor_iddoctor, email_idemail) VALUES (41,1611);            INSERT INTO email (idemail, email) VALUES (1612, 'SIN CORREO');                 INSERT INTO doctor_has_email (doctor_iddoctor, email_idemail) VALUES (41,1612);            COMMIT;            ROLLBACK;
BEGIN;             INSERT INTO doctor (iddoctor, nombre, descripcion, forma_atender, estado)             VALUES (42,'CAMILA ARAVENA','(SE DEBE ENVIAR A AMBOS CORREOS)','DOCTOR','ACTIVO');            INSERT INTO email (idemail, email) VALUES (1613, 'MIAORTODONCIAYESTETICA@GMAIL.COM');                 INSERT INTO doctor_has_email (doctor_iddoctor, email_idemail) VALUES (42,1613);            INSERT INTO email (idemail, email) VALUES (1614, 'C.CAMIFAM@GMAIL.COM');                 INSERT INTO doctor_has_email (doctor_iddoctor, email_idemail) VALUES (42,1614);            INSERT INTO email (idemail, email) VALUES (1615, 'SIN CORREO');                 INSERT INTO doctor_has_email (doctor_iddoctor, email_idemail) VALUES (42,1615);            COMMIT;            ROLLBACK;
BEGIN;             INSERT INTO doctor (iddoctor, nombre, descripcion, forma_atender, estado)             VALUES (43,'CAMILA BERMONT','(SIN OBSERVACION)','DOCTOR','ACTIVO');            INSERT INTO email (idemail, email) VALUES (1616, 'CAMI.BERMONT@GMAIL.COM');                 INSERT INTO doctor_has_email (doctor_iddoctor, email_idemail) VALUES (43,1616);            INSERT INTO email (idemail, email) VALUES (1617, 'SIN CORREO');                 INSERT INTO doctor_has_email (doctor_iddoctor, email_idemail) VALUES (43,1617);            INSERT INTO email (idemail, email) VALUES (1618, 'SIN CORREO');                 INSERT INTO doctor_has_email (doctor_iddoctor, email_idemail) VALUES (43,1618);            COMMIT;            ROLLBACK;
BEGIN;             INSERT INTO doctor (iddoctor, nombre, descripcion, forma_atender, estado)             VALUES (44,'CAMILA COSTA','(SIN OBSERVACION)','DOCTOR','ACTIVO');            INSERT INTO email (idemail, email) VALUES (1619, 'RXALTASONRISATALCA@GMAIL.COM');                 INSERT INTO doctor_has_email (doctor_iddoctor, email_idemail) VALUES (44,1619);            INSERT INTO email (idemail, email) VALUES (1620, 'SIN CORREO');                 INSERT INTO doctor_has_email (doctor_iddoctor, email_idemail) VALUES (44,1620);            INSERT INTO email (idemail, email) VALUES (1621, 'SIN CORREO');                 INSERT INTO doctor_has_email (doctor_iddoctor, email_idemail) VALUES (44,1621);            COMMIT;            ROLLBACK;
BEGIN;             INSERT INTO doctor (iddoctor, nombre, descripcion, forma_atender, estado)             VALUES (45,'CAMILA PUCHI','(SE ENVIA AL MAIL SEGÚN LA ORDEN)','DOCTOR','ACTIVO');            INSERT INTO email (idemail, email) VALUES (1622, 'RAYOS@CLINICAPUCHI.CL');                 INSERT INTO doctor_has_email (doctor_iddoctor, email_idemail) VALUES (45,1622);            INSERT INTO email (idemail, email) VALUES (1623, 'DENTALPENCAHUE@GMAIL.COM');                 INSERT INTO doctor_has_email (doctor_iddoctor, email_idemail) VALUES (45,1623);            INSERT INTO email (idemail, email) VALUES (1624, 'SIN CORREO');                 INSERT INTO doctor_has_email (doctor_iddoctor, email_idemail) VALUES (45,1624);            COMMIT;            ROLLBACK;
BEGIN;             INSERT INTO doctor (iddoctor, nombre, descripcion, forma_atender, estado)             VALUES (46,'CAMILA QUIROZ LAGOS','(SIN OBSERVACION)','DOCTOR','ACTIVO');            INSERT INTO email (idemail, email) VALUES (1625, 'CAMILAQUIROZLAG@GMAIL.COM');                 INSERT INTO doctor_has_email (doctor_iddoctor, email_idemail) VALUES (46,1625);            INSERT INTO email (idemail, email) VALUES (1626, 'SIN CORREO');                 INSERT INTO doctor_has_email (doctor_iddoctor, email_idemail) VALUES (46,1626);            INSERT INTO email (idemail, email) VALUES (1627, 'SIN CORREO');                 INSERT INTO doctor_has_email (doctor_iddoctor, email_idemail) VALUES (46,1627);            COMMIT;            ROLLBACK;
BEGIN;             INSERT INTO doctor (iddoctor, nombre, descripcion, forma_atender, estado)             VALUES (47,'CAMILA VALENZUELA','(SE ENVIA AL MAIL SEGÚN LA ORDEN)','DOCTOR','ACTIVO');            INSERT INTO email (idemail, email) VALUES (1628, 'DENTALMAGISTERIO@GMAIL.COM');                 INSERT INTO doctor_has_email (doctor_iddoctor, email_idemail) VALUES (47,1628);            INSERT INTO email (idemail, email) VALUES (1629, 'VALENZUELA.APSTALCA@GMAIL.COM');                 INSERT INTO doctor_has_email (doctor_iddoctor, email_idemail) VALUES (47,1629);            INSERT INTO email (idemail, email) VALUES (1630, 'SIN CORREO');                 INSERT INTO doctor_has_email (doctor_iddoctor, email_idemail) VALUES (47,1630);            COMMIT;            ROLLBACK;
BEGIN;             INSERT INTO doctor (iddoctor, nombre, descripcion, forma_atender, estado)             VALUES (48,'CAMILA ZUÑIGA','(SIN OBSERVACION)','DOCTOR','ACTIVO');            INSERT INTO email (idemail, email) VALUES (1631, 'RXSANTABLANCATALCA@GMAIL.COM');                 INSERT INTO doctor_has_email (doctor_iddoctor, email_idemail) VALUES (48,1631);            INSERT INTO email (idemail, email) VALUES (1632, 'SIN CORREO');                 INSERT INTO doctor_has_email (doctor_iddoctor, email_idemail) VALUES (48,1632);            INSERT INTO email (idemail, email) VALUES (1633, 'SIN CORREO');                 INSERT INTO doctor_has_email (doctor_iddoctor, email_idemail) VALUES (48,1633);            COMMIT;            ROLLBACK;
BEGIN;             INSERT INTO doctor (iddoctor, nombre, descripcion, forma_atender, estado)             VALUES (49,'CAMILO PARADA','(SIN OBSERVACION)','DOCTOR','ACTIVO');            INSERT INTO email (idemail, email) VALUES (1634, 'CIMA.ODONTOINTEGRAL@GMAIL.COM');                 INSERT INTO doctor_has_email (doctor_iddoctor, email_idemail) VALUES (49,1634);            INSERT INTO email (idemail, email) VALUES (1635, 'SIN CORREO');                 INSERT INTO doctor_has_email (doctor_iddoctor, email_idemail) VALUES (49,1635);            INSERT INTO email (idemail, email) VALUES (1636, 'SIN CORREO');                 INSERT INTO doctor_has_email (doctor_iddoctor, email_idemail) VALUES (49,1636);            COMMIT;            ROLLBACK;
BEGIN;             INSERT INTO doctor (iddoctor, nombre, descripcion, forma_atender, estado)             VALUES (50,'CARLOS BARBE','(SIN OBSERVACION)','DOCTOR','ACTIVO');            INSERT INTO email (idemail, email) VALUES (1637, 'CBARBEI7@HOTMAIL.COM');                 INSERT INTO doctor_has_email (doctor_iddoctor, email_idemail) VALUES (50,1637);            INSERT INTO email (idemail, email) VALUES (1638, 'SIN CORREO');                 INSERT INTO doctor_has_email (doctor_iddoctor, email_idemail) VALUES (50,1638);            INSERT INTO email (idemail, email) VALUES (1639, 'SIN CORREO');                 INSERT INTO doctor_has_email (doctor_iddoctor, email_idemail) VALUES (50,1639);            COMMIT;            ROLLBACK;
BEGIN;             INSERT INTO doctor (iddoctor, nombre, descripcion, forma_atender, estado)             VALUES (51,'CARLOS CRISOSTOMO','(SIN OBSERVACION)','DOCTOR','ACTIVO');            INSERT INTO email (idemail, email) VALUES (1640, 'CARLOSCRISOSTOMODAZA@GMAIL.COM');                 INSERT INTO doctor_has_email (doctor_iddoctor, email_idemail) VALUES (51,1640);            INSERT INTO email (idemail, email) VALUES (1641, 'SIN CORREO');                 INSERT INTO doctor_has_email (doctor_iddoctor, email_idemail) VALUES (51,1641);            INSERT INTO email (idemail, email) VALUES (1642, 'SIN CORREO');                 INSERT INTO doctor_has_email (doctor_iddoctor, email_idemail) VALUES (51,1642);            COMMIT;            ROLLBACK;
BEGIN;             INSERT INTO doctor (iddoctor, nombre, descripcion, forma_atender, estado)             VALUES (52,'CARLOS GALAZ','(SIN OBSERVACION)','DOCTOR','ACTIVO');            INSERT INTO email (idemail, email) VALUES (1643, 'CGALAZVALDES@GMAIL.COM');                 INSERT INTO doctor_has_email (doctor_iddoctor, email_idemail) VALUES (52,1643);            INSERT INTO email (idemail, email) VALUES (1644, 'SIN CORREO');                 INSERT INTO doctor_has_email (doctor_iddoctor, email_idemail) VALUES (52,1644);            INSERT INTO email (idemail, email) VALUES (1645, 'SIN CORREO');                 INSERT INTO doctor_has_email (doctor_iddoctor, email_idemail) VALUES (52,1645);            COMMIT;            ROLLBACK;
BEGIN;             INSERT INTO doctor (iddoctor, nombre, descripcion, forma_atender, estado)             VALUES (53,'CARLOS GONZALEZ','(SIN OBSERVACION)','DOCTOR','ACTIVO');            INSERT INTO email (idemail, email) VALUES (1646, 'CGRODONTOLOGIA@GMAIL.COM');                 INSERT INTO doctor_has_email (doctor_iddoctor, email_idemail) VALUES (53,1646);            INSERT INTO email (idemail, email) VALUES (1647, 'SIN CORREO');                 INSERT INTO doctor_has_email (doctor_iddoctor, email_idemail) VALUES (53,1647);            INSERT INTO email (idemail, email) VALUES (1648, 'SIN CORREO');                 INSERT INTO doctor_has_email (doctor_iddoctor, email_idemail) VALUES (53,1648);            COMMIT;            ROLLBACK;
BEGIN;             INSERT INTO doctor (iddoctor, nombre, descripcion, forma_atender, estado)             VALUES (54,'CARLOS MENDEZ','(SIN OBSERVACION)','DOCTOR','ACTIVO');            INSERT INTO email (idemail, email) VALUES (1649, 'RAYOS@MYCLINIC.CL');                 INSERT INTO doctor_has_email (doctor_iddoctor, email_idemail) VALUES (54,1649);            INSERT INTO email (idemail, email) VALUES (1650, 'SIN CORREO');                 INSERT INTO doctor_has_email (doctor_iddoctor, email_idemail) VALUES (54,1650);            INSERT INTO email (idemail, email) VALUES (1651, 'SIN CORREO');                 INSERT INTO doctor_has_email (doctor_iddoctor, email_idemail) VALUES (54,1651);            COMMIT;            ROLLBACK;
BEGIN;             INSERT INTO doctor (iddoctor, nombre, descripcion, forma_atender, estado)             VALUES (55,'CARLOS WURTH','(SE ENVIA AL MAIL SEGÚN LA ORDEN)','DOCTOR','ACTIVO');            INSERT INTO email (idemail, email) VALUES (1652, 'CARLITOSWURTH@GMAIL.COM');                 INSERT INTO doctor_has_email (doctor_iddoctor, email_idemail) VALUES (55,1652);            INSERT INTO email (idemail, email) VALUES (1653, 'CLINICAVITASONRISA@GMAIL.COM');                 INSERT INTO doctor_has_email (doctor_iddoctor, email_idemail) VALUES (55,1653);            INSERT INTO email (idemail, email) VALUES (1654, 'SIN CORREO');                 INSERT INTO doctor_has_email (doctor_iddoctor, email_idemail) VALUES (55,1654);            COMMIT;            ROLLBACK;
BEGIN;             INSERT INTO doctor (iddoctor, nombre, descripcion, forma_atender, estado)             VALUES (56,'CARMEN CAAMAÑO','(SIN OBSERVACION)','DOCTOR','ACTIVO');            INSERT INTO email (idemail, email) VALUES (1655, 'RXREDSALUDTALCA@GMAIL.COM');                 INSERT INTO doctor_has_email (doctor_iddoctor, email_idemail) VALUES (56,1655);            INSERT INTO email (idemail, email) VALUES (1656, 'SIN CORREO');                 INSERT INTO doctor_has_email (doctor_iddoctor, email_idemail) VALUES (56,1656);            INSERT INTO email (idemail, email) VALUES (1657, 'SIN CORREO');                 INSERT INTO doctor_has_email (doctor_iddoctor, email_idemail) VALUES (56,1657);            COMMIT;            ROLLBACK;
BEGIN;             INSERT INTO doctor (iddoctor, nombre, descripcion, forma_atender, estado)             VALUES (57,'CARMEN GLORIA TARUD','(SIN OBSERVACION)','DOCTOR','ACTIVO');            INSERT INTO email (idemail, email) VALUES (1658, 'CGTARUD@GMAIL.COM');                 INSERT INTO doctor_has_email (doctor_iddoctor, email_idemail) VALUES (57,1658);            INSERT INTO email (idemail, email) VALUES (1659, 'SIN CORREO');                 INSERT INTO doctor_has_email (doctor_iddoctor, email_idemail) VALUES (57,1659);            INSERT INTO email (idemail, email) VALUES (1660, 'SIN CORREO');                 INSERT INTO doctor_has_email (doctor_iddoctor, email_idemail) VALUES (57,1660);            COMMIT;            ROLLBACK;
BEGIN;             INSERT INTO doctor (iddoctor, nombre, descripcion, forma_atender, estado)             VALUES (58,'CAROLE SINISTERRA','(SIN OBSERVACION)','DOCTOR','ACTIVO');            INSERT INTO email (idemail, email) VALUES (1661, 'CLINICADENTALCAS@GMAIL.COM');                 INSERT INTO doctor_has_email (doctor_iddoctor, email_idemail) VALUES (58,1661);            INSERT INTO email (idemail, email) VALUES (1662, 'SIN CORREO');                 INSERT INTO doctor_has_email (doctor_iddoctor, email_idemail) VALUES (58,1662);            INSERT INTO email (idemail, email) VALUES (1663, 'SIN CORREO');                 INSERT INTO doctor_has_email (doctor_iddoctor, email_idemail) VALUES (58,1663);            COMMIT;            ROLLBACK;
BEGIN;             INSERT INTO doctor (iddoctor, nombre, descripcion, forma_atender, estado)             VALUES (59,'CAROLINA ACEVEDO','(SIN OBSERVACION)','DOCTOR','ACTIVO');            INSERT INTO email (idemail, email) VALUES (1664, 'CAROLINA.ESTER.ACEVEDO@GMAIL.COM');                 INSERT INTO doctor_has_email (doctor_iddoctor, email_idemail) VALUES (59,1664);            INSERT INTO email (idemail, email) VALUES (1665, 'SIN CORREO');                 INSERT INTO doctor_has_email (doctor_iddoctor, email_idemail) VALUES (59,1665);            INSERT INTO email (idemail, email) VALUES (1666, 'SIN CORREO');                 INSERT INTO doctor_has_email (doctor_iddoctor, email_idemail) VALUES (59,1666);            COMMIT;            ROLLBACK;
BEGIN;             INSERT INTO doctor (iddoctor, nombre, descripcion, forma_atender, estado)             VALUES (60,'CAROLINA ALVAREZ','(SIN OBSERVACION)','DOCTOR','ACTIVO');            INSERT INTO email (idemail, email) VALUES (1667, 'DRAALVAREZNOVOA@GMAIL.COM');                 INSERT INTO doctor_has_email (doctor_iddoctor, email_idemail) VALUES (60,1667);            INSERT INTO email (idemail, email) VALUES (1668, 'SIN CORREO');                 INSERT INTO doctor_has_email (doctor_iddoctor, email_idemail) VALUES (60,1668);            INSERT INTO email (idemail, email) VALUES (1669, 'SIN CORREO');                 INSERT INTO doctor_has_email (doctor_iddoctor, email_idemail) VALUES (60,1669);            COMMIT;            ROLLBACK;
BEGIN;             INSERT INTO doctor (iddoctor, nombre, descripcion, forma_atender, estado)             VALUES (61,'CAROLINA ARECHAVALA','(SIN OBSERVACION)','DOCTOR','ACTIVO');            INSERT INTO email (idemail, email) VALUES (1670, 'CARO.ARECHAVALA@GMAIL.COM');                 INSERT INTO doctor_has_email (doctor_iddoctor, email_idemail) VALUES (61,1670);            INSERT INTO email (idemail, email) VALUES (1671, 'SIN CORREO');                 INSERT INTO doctor_has_email (doctor_iddoctor, email_idemail) VALUES (61,1671);            INSERT INTO email (idemail, email) VALUES (1672, 'SIN CORREO');                 INSERT INTO doctor_has_email (doctor_iddoctor, email_idemail) VALUES (61,1672);            COMMIT;            ROLLBACK;
BEGIN;             INSERT INTO doctor (iddoctor, nombre, descripcion, forma_atender, estado)             VALUES (62,'CAROLINA BARRIOS','(SIN OBSERVACION)','DOCTOR','ACTIVO');            INSERT INTO email (idemail, email) VALUES (1673, 'CAROLINABARRIOSCASTRO@GMAIL.COM');                 INSERT INTO doctor_has_email (doctor_iddoctor, email_idemail) VALUES (62,1673);            INSERT INTO email (idemail, email) VALUES (1674, 'SIN CORREO');                 INSERT INTO doctor_has_email (doctor_iddoctor, email_idemail) VALUES (62,1674);            INSERT INTO email (idemail, email) VALUES (1675, 'SIN CORREO');                 INSERT INTO doctor_has_email (doctor_iddoctor, email_idemail) VALUES (62,1675);            COMMIT;            ROLLBACK;
BEGIN;             INSERT INTO doctor (iddoctor, nombre, descripcion, forma_atender, estado)             VALUES (63,'CAROLINA BRAVO','(SIN OBSERVACION)','DOCTOR','ACTIVO');            INSERT INTO email (idemail, email) VALUES (1676, 'CLINICACASTROCONTARDO@GMAIL.COM');                 INSERT INTO doctor_has_email (doctor_iddoctor, email_idemail) VALUES (63,1676);            INSERT INTO email (idemail, email) VALUES (1677, 'SIN CORREO');                 INSERT INTO doctor_has_email (doctor_iddoctor, email_idemail) VALUES (63,1677);            INSERT INTO email (idemail, email) VALUES (1678, 'SIN CORREO');                 INSERT INTO doctor_has_email (doctor_iddoctor, email_idemail) VALUES (63,1678);            COMMIT;            ROLLBACK;
BEGIN;             INSERT INTO doctor (iddoctor, nombre, descripcion, forma_atender, estado)             VALUES (64,'CAROLINA CONCHA','(SIN OBSERVACION)','DOCTOR','ACTIVO');            INSERT INTO email (idemail, email) VALUES (1679, 'RXCESFAMTALCA@HOSCAR.CL');                 INSERT INTO doctor_has_email (doctor_iddoctor, email_idemail) VALUES (64,1679);            INSERT INTO email (idemail, email) VALUES (1680, 'SIN CORREO');                 INSERT INTO doctor_has_email (doctor_iddoctor, email_idemail) VALUES (64,1680);            INSERT INTO email (idemail, email) VALUES (1681, 'SIN CORREO');                 INSERT INTO doctor_has_email (doctor_iddoctor, email_idemail) VALUES (64,1681);            COMMIT;            ROLLBACK;
BEGIN;             INSERT INTO doctor (iddoctor, nombre, descripcion, forma_atender, estado)             VALUES (65,'CAROLINA MUÑOZ MUÑOZ','(SIN OBSERVACION)','DOCTOR','ACTIVO');            INSERT INTO email (idemail, email) VALUES (1682, 'MUNOZMUNOZ.CA@GMAIL.COM');                 INSERT INTO doctor_has_email (doctor_iddoctor, email_idemail) VALUES (65,1682);            INSERT INTO email (idemail, email) VALUES (1683, 'CAROMUNOZMUNOZ@GMAIL.COM');                 INSERT INTO doctor_has_email (doctor_iddoctor, email_idemail) VALUES (65,1683);            INSERT INTO email (idemail, email) VALUES (1684, 'SIN CORREO');                 INSERT INTO doctor_has_email (doctor_iddoctor, email_idemail) VALUES (65,1684);            COMMIT;            ROLLBACK;
BEGIN;             INSERT INTO doctor (iddoctor, nombre, descripcion, forma_atender, estado)             VALUES (66,'CAROLINA SABANDO','(SE ENVIA AL MAIL SEGÚN LA ORDEN)','DOCTOR','ACTIVO');            INSERT INTO email (idemail, email) VALUES (1685, 'DENTALMAGISTERIO@GMAIL.COM');                 INSERT INTO doctor_has_email (doctor_iddoctor, email_idemail) VALUES (66,1685);            INSERT INTO email (idemail, email) VALUES (1686, 'C.SABANDO@UTALCA.CL');                 INSERT INTO doctor_has_email (doctor_iddoctor, email_idemail) VALUES (66,1686);            INSERT INTO email (idemail, email) VALUES (1687, 'SIN CORREO');                 INSERT INTO doctor_has_email (doctor_iddoctor, email_idemail) VALUES (66,1687);            COMMIT;            ROLLBACK;
BEGIN;             INSERT INTO doctor (iddoctor, nombre, descripcion, forma_atender, estado)             VALUES (67,'CATALINA MORALES','(SIN OBSERVACION)','DOCTOR','ACTIVO');            INSERT INTO email (idemail, email) VALUES (1688, 'CATA.MORALES.CORNEJO21@HOTMAIL.COM');                 INSERT INTO doctor_has_email (doctor_iddoctor, email_idemail) VALUES (67,1688);            INSERT INTO email (idemail, email) VALUES (1689, 'ODONTOESTETICATALCA@GMAIL.COM');                 INSERT INTO doctor_has_email (doctor_iddoctor, email_idemail) VALUES (67,1689);            INSERT INTO email (idemail, email) VALUES (1690, 'SIN CORREO');                 INSERT INTO doctor_has_email (doctor_iddoctor, email_idemail) VALUES (67,1690);            COMMIT;            ROLLBACK;
BEGIN;             INSERT INTO doctor (iddoctor, nombre, descripcion, forma_atender, estado)             VALUES (68,'CATALINA PINOCHET','(SE ENVIA AL MAIL SEGÚN LA ORDEN)','DOCTOR','ACTIVO');            INSERT INTO email (idemail, email) VALUES (1691, 'CPINOCHETALFARO@GMAIL.COM');                 INSERT INTO doctor_has_email (doctor_iddoctor, email_idemail) VALUES (68,1691);            INSERT INTO email (idemail, email) VALUES (1692, 'DENTALMAULESUR@GMAIL.COM');                 INSERT INTO doctor_has_email (doctor_iddoctor, email_idemail) VALUES (68,1692);            INSERT INTO email (idemail, email) VALUES (1693, 'SIN CORREO');                 INSERT INTO doctor_has_email (doctor_iddoctor, email_idemail) VALUES (68,1693);            COMMIT;            ROLLBACK;
BEGIN;             INSERT INTO doctor (iddoctor, nombre, descripcion, forma_atender, estado)             VALUES (69,'CECILIA ROCO','(SIN OBSERVACION)','DOCTOR','ACTIVO');            INSERT INTO email (idemail, email) VALUES (1694, 'ROZASYROCORX@GMAIL.COM');                 INSERT INTO doctor_has_email (doctor_iddoctor, email_idemail) VALUES (69,1694);            INSERT INTO email (idemail, email) VALUES (1695, 'SIN CORREO');                 INSERT INTO doctor_has_email (doctor_iddoctor, email_idemail) VALUES (69,1695);            INSERT INTO email (idemail, email) VALUES (1696, 'SIN CORREO');                 INSERT INTO doctor_has_email (doctor_iddoctor, email_idemail) VALUES (69,1696);            COMMIT;            ROLLBACK;
BEGIN;             INSERT INTO doctor (iddoctor, nombre, descripcion, forma_atender, estado)             VALUES (70,'CESAR OCARES','(SIN OBSERVACION)','DOCTOR','ACTIVO');            INSERT INTO email (idemail, email) VALUES (1697, 'COCARES@GMAIL.COM');                 INSERT INTO doctor_has_email (doctor_iddoctor, email_idemail) VALUES (70,1697);            INSERT INTO email (idemail, email) VALUES (1698, 'SIN CORREO');                 INSERT INTO doctor_has_email (doctor_iddoctor, email_idemail) VALUES (70,1698);            INSERT INTO email (idemail, email) VALUES (1699, 'SIN CORREO');                 INSERT INTO doctor_has_email (doctor_iddoctor, email_idemail) VALUES (70,1699);            COMMIT;            ROLLBACK;
BEGIN;             INSERT INTO doctor (iddoctor, nombre, descripcion, forma_atender, estado)             VALUES (71,'CHARITO RETAMAL','(SIN OBSERVACION)','DOCTOR','ACTIVO');            INSERT INTO email (idemail, email) VALUES (1700, 'DRA.RETAMAL@GMAIL.COM');                 INSERT INTO doctor_has_email (doctor_iddoctor, email_idemail) VALUES (71,1700);            INSERT INTO email (idemail, email) VALUES (1701, 'SIN CORREO');                 INSERT INTO doctor_has_email (doctor_iddoctor, email_idemail) VALUES (71,1701);            INSERT INTO email (idemail, email) VALUES (1702, 'SIN CORREO');                 INSERT INTO doctor_has_email (doctor_iddoctor, email_idemail) VALUES (71,1702);            COMMIT;            ROLLBACK;
BEGIN;             INSERT INTO doctor (iddoctor, nombre, descripcion, forma_atender, estado)             VALUES (72,'CHRISTIAN BATARCE','(SIN OBSERVACION)','DOCTOR','ACTIVO');            INSERT INTO email (idemail, email) VALUES (1703, 'RX.IO.TALCA@GMAIL.COM');                 INSERT INTO doctor_has_email (doctor_iddoctor, email_idemail) VALUES (72,1703);            INSERT INTO email (idemail, email) VALUES (1704, 'SIN CORREO');                 INSERT INTO doctor_has_email (doctor_iddoctor, email_idemail) VALUES (72,1704);            INSERT INTO email (idemail, email) VALUES (1705, 'SIN CORREO');                 INSERT INTO doctor_has_email (doctor_iddoctor, email_idemail) VALUES (72,1705);            COMMIT;            ROLLBACK;
BEGIN;             INSERT INTO doctor (iddoctor, nombre, descripcion, forma_atender, estado)             VALUES (73,'CHRISTOPHER CAMPOS','(SIN OBSERVACION)','DOCTOR','ACTIVO');            INSERT INTO email (idemail, email) VALUES (1706, 'CHCAMPOS22@GMAIL.COM');                 INSERT INTO doctor_has_email (doctor_iddoctor, email_idemail) VALUES (73,1706);            INSERT INTO email (idemail, email) VALUES (1707, 'SIN CORREO');                 INSERT INTO doctor_has_email (doctor_iddoctor, email_idemail) VALUES (73,1707);            INSERT INTO email (idemail, email) VALUES (1708, 'SIN CORREO');                 INSERT INTO doctor_has_email (doctor_iddoctor, email_idemail) VALUES (73,1708);            COMMIT;            ROLLBACK;
BEGIN;             INSERT INTO doctor (iddoctor, nombre, descripcion, forma_atender, estado)             VALUES (74,'CLAUDIA CIFUENTES','(SIN OBSERVACION)','DOCTOR','ACTIVO');            INSERT INTO email (idemail, email) VALUES (1709, 'CCIFUENTESJ@APSTALCA.CL');                 INSERT INTO doctor_has_email (doctor_iddoctor, email_idemail) VALUES (74,1709);            INSERT INTO email (idemail, email) VALUES (1710, 'SIN CORREO');                 INSERT INTO doctor_has_email (doctor_iddoctor, email_idemail) VALUES (74,1710);            INSERT INTO email (idemail, email) VALUES (1711, 'SIN CORREO');                 INSERT INTO doctor_has_email (doctor_iddoctor, email_idemail) VALUES (74,1711);            COMMIT;            ROLLBACK;
BEGIN;             INSERT INTO doctor (iddoctor, nombre, descripcion, forma_atender, estado)             VALUES (75,'CLAUDIA LOPEZ','(SIN OBSERVACION)','DOCTOR','ACTIVO');            INSERT INTO email (idemail, email) VALUES (1712, 'CLOPEZ.LOF@GMAIL.COM');                 INSERT INTO doctor_has_email (doctor_iddoctor, email_idemail) VALUES (75,1712);            INSERT INTO email (idemail, email) VALUES (1713, 'SIN CORREO');                 INSERT INTO doctor_has_email (doctor_iddoctor, email_idemail) VALUES (75,1713);            INSERT INTO email (idemail, email) VALUES (1714, 'SIN CORREO');                 INSERT INTO doctor_has_email (doctor_iddoctor, email_idemail) VALUES (75,1714);            COMMIT;            ROLLBACK;
BEGIN;             INSERT INTO doctor (iddoctor, nombre, descripcion, forma_atender, estado)             VALUES (76,'CLAUDIA PEREZ','(SIN OBSERVACION)','DOCTOR','ACTIVO');            INSERT INTO email (idemail, email) VALUES (1715, 'OASISTALCA@GMAIL.COM');                 INSERT INTO doctor_has_email (doctor_iddoctor, email_idemail) VALUES (76,1715);            INSERT INTO email (idemail, email) VALUES (1716, 'SIN CORREO');                 INSERT INTO doctor_has_email (doctor_iddoctor, email_idemail) VALUES (76,1716);            INSERT INTO email (idemail, email) VALUES (1717, 'SIN CORREO');                 INSERT INTO doctor_has_email (doctor_iddoctor, email_idemail) VALUES (76,1717);            COMMIT;            ROLLBACK;
BEGIN;             INSERT INTO doctor (iddoctor, nombre, descripcion, forma_atender, estado)             VALUES (77,'CLAUDIA REBOLLEDO','(SIN OBSERVACION)','DOCTOR','ACTIVO');            INSERT INTO email (idemail, email) VALUES (1718, 'CM.REBOLLEDOVALDES@GMAIL.COM');                 INSERT INTO doctor_has_email (doctor_iddoctor, email_idemail) VALUES (77,1718);            INSERT INTO email (idemail, email) VALUES (1719, 'SIN CORREO');                 INSERT INTO doctor_has_email (doctor_iddoctor, email_idemail) VALUES (77,1719);            INSERT INTO email (idemail, email) VALUES (1720, 'SIN CORREO');                 INSERT INTO doctor_has_email (doctor_iddoctor, email_idemail) VALUES (77,1720);            COMMIT;            ROLLBACK;
BEGIN;             INSERT INTO doctor (iddoctor, nombre, descripcion, forma_atender, estado)             VALUES (78,'CLAUDIO MATURANA','(SIN OBSERVACION)','DOCTOR','ACTIVO');            INSERT INTO email (idemail, email) VALUES (1721, 'BIODONTCLINICA@GMAIL.COM');                 INSERT INTO doctor_has_email (doctor_iddoctor, email_idemail) VALUES (78,1721);            INSERT INTO email (idemail, email) VALUES (1722, 'SIN CORREO');                 INSERT INTO doctor_has_email (doctor_iddoctor, email_idemail) VALUES (78,1722);            INSERT INTO email (idemail, email) VALUES (1723, 'SIN CORREO');                 INSERT INTO doctor_has_email (doctor_iddoctor, email_idemail) VALUES (78,1723);            COMMIT;            ROLLBACK;
BEGIN;             INSERT INTO doctor (iddoctor, nombre, descripcion, forma_atender, estado)             VALUES (79,'CLAUDIO MEJIAS','(SIN OBSERVACION)','DOCTOR','ACTIVO');            INSERT INTO email (idemail, email) VALUES (1724, 'CMEJIASV@GMAIL.COM');                 INSERT INTO doctor_has_email (doctor_iddoctor, email_idemail) VALUES (79,1724);            INSERT INTO email (idemail, email) VALUES (1725, 'SIN CORREO');                 INSERT INTO doctor_has_email (doctor_iddoctor, email_idemail) VALUES (79,1725);            INSERT INTO email (idemail, email) VALUES (1726, 'SIN CORREO');                 INSERT INTO doctor_has_email (doctor_iddoctor, email_idemail) VALUES (79,1726);            COMMIT;            ROLLBACK;
BEGIN;             INSERT INTO doctor (iddoctor, nombre, descripcion, forma_atender, estado)             VALUES (80,'CLAUDIO VASQUEZ','(SIN OBSERVACION)','DOCTOR','ACTIVO');            INSERT INTO email (idemail, email) VALUES (1727, 'CAVMU@YAHOO.COM.AR');                 INSERT INTO doctor_has_email (doctor_iddoctor, email_idemail) VALUES (80,1727);            INSERT INTO email (idemail, email) VALUES (1728, 'SIN CORREO');                 INSERT INTO doctor_has_email (doctor_iddoctor, email_idemail) VALUES (80,1728);            INSERT INTO email (idemail, email) VALUES (1729, 'SIN CORREO');                 INSERT INTO doctor_has_email (doctor_iddoctor, email_idemail) VALUES (80,1729);            COMMIT;            ROLLBACK;
BEGIN;             INSERT INTO doctor (iddoctor, nombre, descripcion, forma_atender, estado)             VALUES (81,'CONNIE VILCHES','(SIN OBSERVACION)','DOCTOR','ACTIVO');            INSERT INTO email (idemail, email) VALUES (1730, 'CONNIEVILCHES.DENTISTA@GMAIL.COM');                 INSERT INTO doctor_has_email (doctor_iddoctor, email_idemail) VALUES (81,1730);            INSERT INTO email (idemail, email) VALUES (1731, 'SIN CORREO');                 INSERT INTO doctor_has_email (doctor_iddoctor, email_idemail) VALUES (81,1731);            INSERT INTO email (idemail, email) VALUES (1732, 'SIN CORREO');                 INSERT INTO doctor_has_email (doctor_iddoctor, email_idemail) VALUES (81,1732);            COMMIT;            ROLLBACK;
BEGIN;             INSERT INTO doctor (iddoctor, nombre, descripcion, forma_atender, estado)             VALUES (82,'CONSTANZA BUSTOS','(SIN OBSERVACION)','DOCTOR','ACTIVO');            INSERT INTO email (idemail, email) VALUES (1733, 'CONSTANZABUSTOSMO@GMAIL.COM');                 INSERT INTO doctor_has_email (doctor_iddoctor, email_idemail) VALUES (82,1733);            INSERT INTO email (idemail, email) VALUES (1734, 'SIN CORREO');                 INSERT INTO doctor_has_email (doctor_iddoctor, email_idemail) VALUES (82,1734);            INSERT INTO email (idemail, email) VALUES (1735, 'SIN CORREO');                 INSERT INTO doctor_has_email (doctor_iddoctor, email_idemail) VALUES (82,1735);            COMMIT;            ROLLBACK;
BEGIN;             INSERT INTO doctor (iddoctor, nombre, descripcion, forma_atender, estado)             VALUES (83,'CONSTANZA FAUNDEZ','(SIN OBSERVACION)','DOCTOR','ACTIVO');            INSERT INTO email (idemail, email) VALUES (1736, 'RX.BICENTENARIO@GMAIL.COM');                 INSERT INTO doctor_has_email (doctor_iddoctor, email_idemail) VALUES (83,1736);            INSERT INTO email (idemail, email) VALUES (1737, 'SIN CORREO');                 INSERT INTO doctor_has_email (doctor_iddoctor, email_idemail) VALUES (83,1737);            INSERT INTO email (idemail, email) VALUES (1738, 'SIN CORREO');                 INSERT INTO doctor_has_email (doctor_iddoctor, email_idemail) VALUES (83,1738);            COMMIT;            ROLLBACK;
BEGIN;             INSERT INTO doctor (iddoctor, nombre, descripcion, forma_atender, estado)             VALUES (84,'CONSTANZA FERNANDEZ','(SIN OBSERVACION)','DOCTOR','ACTIVO');            INSERT INTO email (idemail, email) VALUES (1739, 'C.FERNANDEZ.GO@GMAIL.COM');                 INSERT INTO doctor_has_email (doctor_iddoctor, email_idemail) VALUES (84,1739);            INSERT INTO email (idemail, email) VALUES (1740, 'SIN CORREO');                 INSERT INTO doctor_has_email (doctor_iddoctor, email_idemail) VALUES (84,1740);            INSERT INTO email (idemail, email) VALUES (1741, 'SIN CORREO');                 INSERT INTO doctor_has_email (doctor_iddoctor, email_idemail) VALUES (84,1741);            COMMIT;            ROLLBACK;
BEGIN;             INSERT INTO doctor (iddoctor, nombre, descripcion, forma_atender, estado)             VALUES (85,'CONSTANZA SARABIA','(SIN OBSERVACION)','DOCTOR','ACTIVO');            INSERT INTO email (idemail, email) VALUES (1742, 'CIMA.ODONTOINTEGRAL@GMAIL.COM');                 INSERT INTO doctor_has_email (doctor_iddoctor, email_idemail) VALUES (85,1742);            INSERT INTO email (idemail, email) VALUES (1743, 'SIN CORREO');                 INSERT INTO doctor_has_email (doctor_iddoctor, email_idemail) VALUES (85,1743);            INSERT INTO email (idemail, email) VALUES (1744, 'SIN CORREO');                 INSERT INTO doctor_has_email (doctor_iddoctor, email_idemail) VALUES (85,1744);            COMMIT;            ROLLBACK;
BEGIN;             INSERT INTO doctor (iddoctor, nombre, descripcion, forma_atender, estado)             VALUES (86,'CONSTANZA TORRES','(SIN OBSERVACION)','DOCTOR','ACTIVO');            INSERT INTO email (idemail, email) VALUES (1745, 'CONI.TORRES.MOLINA@GMAIL.COM');                 INSERT INTO doctor_has_email (doctor_iddoctor, email_idemail) VALUES (86,1745);            INSERT INTO email (idemail, email) VALUES (1746, 'SIN CORREO');                 INSERT INTO doctor_has_email (doctor_iddoctor, email_idemail) VALUES (86,1746);            INSERT INTO email (idemail, email) VALUES (1747, 'SIN CORREO');                 INSERT INTO doctor_has_email (doctor_iddoctor, email_idemail) VALUES (86,1747);            COMMIT;            ROLLBACK;
BEGIN;             INSERT INTO doctor (iddoctor, nombre, descripcion, forma_atender, estado)             VALUES (87,'CONSTANZA WESTON','(SIN OBSERVACION)','DOCTOR','ACTIVO');            INSERT INTO email (idemail, email) VALUES (1748, 'COTIWESTON@HOTMAIL.COM');                 INSERT INTO doctor_has_email (doctor_iddoctor, email_idemail) VALUES (87,1748);            INSERT INTO email (idemail, email) VALUES (1749, 'SIN CORREO');                 INSERT INTO doctor_has_email (doctor_iddoctor, email_idemail) VALUES (87,1749);            INSERT INTO email (idemail, email) VALUES (1750, 'SIN CORREO');                 INSERT INTO doctor_has_email (doctor_iddoctor, email_idemail) VALUES (87,1750);            COMMIT;            ROLLBACK;
BEGIN;             INSERT INTO doctor (iddoctor, nombre, descripcion, forma_atender, estado)             VALUES (88,'CONSTANZA ZUÑIGA','(SIN OBSERVACION)','DOCTOR','ACTIVO');            INSERT INTO email (idemail, email) VALUES (1751, 'RX.ODONTOESTUDIOTALCA@GMAIL.COM');                 INSERT INTO doctor_has_email (doctor_iddoctor, email_idemail) VALUES (88,1751);            INSERT INTO email (idemail, email) VALUES (1752, 'SIN CORREO');                 INSERT INTO doctor_has_email (doctor_iddoctor, email_idemail) VALUES (88,1752);            INSERT INTO email (idemail, email) VALUES (1753, 'SIN CORREO');                 INSERT INTO doctor_has_email (doctor_iddoctor, email_idemail) VALUES (88,1753);            COMMIT;            ROLLBACK;
BEGIN;             INSERT INTO doctor (iddoctor, nombre, descripcion, forma_atender, estado)             VALUES (89,'CRISTIAN GOMEZ','(SIN OBSERVACION)','DOCTOR','ACTIVO');            INSERT INTO email (idemail, email) VALUES (1754, 'CRISTIAN.GOMEZF@GMAIL.COM');                 INSERT INTO doctor_has_email (doctor_iddoctor, email_idemail) VALUES (89,1754);            INSERT INTO email (idemail, email) VALUES (1755, 'SIN CORREO');                 INSERT INTO doctor_has_email (doctor_iddoctor, email_idemail) VALUES (89,1755);            INSERT INTO email (idemail, email) VALUES (1756, 'SIN CORREO');                 INSERT INTO doctor_has_email (doctor_iddoctor, email_idemail) VALUES (89,1756);            COMMIT;            ROLLBACK;
BEGIN;             INSERT INTO doctor (iddoctor, nombre, descripcion, forma_atender, estado)             VALUES (90,'CRISTIAN GONZALEZ TORRES','(SIN OBSERVACION)','DOCTOR','ACTIVO');            INSERT INTO email (idemail, email) VALUES (1757, 'CRISTIAN.GONZALEZ@AYEN.CL');                 INSERT INTO doctor_has_email (doctor_iddoctor, email_idemail) VALUES (90,1757);            INSERT INTO email (idemail, email) VALUES (1758, 'SIN CORREO');                 INSERT INTO doctor_has_email (doctor_iddoctor, email_idemail) VALUES (90,1758);            INSERT INTO email (idemail, email) VALUES (1759, 'SIN CORREO');                 INSERT INTO doctor_has_email (doctor_iddoctor, email_idemail) VALUES (90,1759);            COMMIT;            ROLLBACK;
BEGIN;             INSERT INTO doctor (iddoctor, nombre, descripcion, forma_atender, estado)             VALUES (91,'CRISTIAN LOPEZ','(SIN OBSERVACION)','DOCTOR','ACTIVO');            INSERT INTO email (idemail, email) VALUES (1760, 'CRISTIAN.LOPEZ.CLC@GMAIL.COM');                 INSERT INTO doctor_has_email (doctor_iddoctor, email_idemail) VALUES (91,1760);            INSERT INTO email (idemail, email) VALUES (1761, 'SIN CORREO');                 INSERT INTO doctor_has_email (doctor_iddoctor, email_idemail) VALUES (91,1761);            INSERT INTO email (idemail, email) VALUES (1762, 'SIN CORREO');                 INSERT INTO doctor_has_email (doctor_iddoctor, email_idemail) VALUES (91,1762);            COMMIT;            ROLLBACK;
BEGIN;             INSERT INTO doctor (iddoctor, nombre, descripcion, forma_atender, estado)             VALUES (92,'CRISTIAN MORALES','(SIN OBSERVACION)','DOCTOR','ACTIVO');            INSERT INTO email (idemail, email) VALUES (1763, 'CRISTIANMORALES1130@HOTMAIL.COM');                 INSERT INTO doctor_has_email (doctor_iddoctor, email_idemail) VALUES (92,1763);            INSERT INTO email (idemail, email) VALUES (1764, 'SIN CORREO');                 INSERT INTO doctor_has_email (doctor_iddoctor, email_idemail) VALUES (92,1764);            INSERT INTO email (idemail, email) VALUES (1765, 'SIN CORREO');                 INSERT INTO doctor_has_email (doctor_iddoctor, email_idemail) VALUES (92,1765);            COMMIT;            ROLLBACK;
BEGIN;             INSERT INTO doctor (iddoctor, nombre, descripcion, forma_atender, estado)             VALUES (93,'CRISTIAN VALDES','(SIN OBSERVACION)','DOCTOR','ACTIVO');            INSERT INTO email (idemail, email) VALUES (1766, 'CLINICAOITALCA@GMAIL.COM');                 INSERT INTO doctor_has_email (doctor_iddoctor, email_idemail) VALUES (93,1766);            INSERT INTO email (idemail, email) VALUES (1767, 'SIN CORREO');                 INSERT INTO doctor_has_email (doctor_iddoctor, email_idemail) VALUES (93,1767);            INSERT INTO email (idemail, email) VALUES (1768, 'SIN CORREO');                 INSERT INTO doctor_has_email (doctor_iddoctor, email_idemail) VALUES (93,1768);            COMMIT;            ROLLBACK;
BEGIN;             INSERT INTO doctor (iddoctor, nombre, descripcion, forma_atender, estado)             VALUES (94,'CRISTIAN VASQUEZ','(SIN OBSERVACION)','DOCTOR','ACTIVO');            INSERT INTO email (idemail, email) VALUES (1769, 'ELPEHUENUNOSUR.RX@GMAIL.COM');                 INSERT INTO doctor_has_email (doctor_iddoctor, email_idemail) VALUES (94,1769);            INSERT INTO email (idemail, email) VALUES (1770, 'SIN CORREO');                 INSERT INTO doctor_has_email (doctor_iddoctor, email_idemail) VALUES (94,1770);            INSERT INTO email (idemail, email) VALUES (1771, 'SIN CORREO');                 INSERT INTO doctor_has_email (doctor_iddoctor, email_idemail) VALUES (94,1771);            COMMIT;            ROLLBACK;
BEGIN;             INSERT INTO doctor (iddoctor, nombre, descripcion, forma_atender, estado)             VALUES (95,'DANIEL DROGUETT','(SE ENVIA AL MAIL SEGÚN LA ORDEN)','DOCTOR','ACTIVO');            INSERT INTO email (idemail, email) VALUES (1772, 'DRDROGUETT.O@GMAIL.COM');                 INSERT INTO doctor_has_email (doctor_iddoctor, email_idemail) VALUES (95,1772);            INSERT INTO email (idemail, email) VALUES (1773, 'CONTACTO@CREOSALUD.COM');                 INSERT INTO doctor_has_email (doctor_iddoctor, email_idemail) VALUES (95,1773);            INSERT INTO email (idemail, email) VALUES (1774, 'SIN CORREO');                 INSERT INTO doctor_has_email (doctor_iddoctor, email_idemail) VALUES (95,1774);            COMMIT;            ROLLBACK;
BEGIN;             INSERT INTO doctor (iddoctor, nombre, descripcion, forma_atender, estado)             VALUES (96,'DANIELA ESPINOSA','(SE DEBE ENVIAR A AMBOS CORREOS)','DOCTOR','ACTIVO');            INSERT INTO email (idemail, email) VALUES (1775, 'DESPINOSA@VIAMEDICAL.CL');                 INSERT INTO doctor_has_email (doctor_iddoctor, email_idemail) VALUES (96,1775);            INSERT INTO email (idemail, email) VALUES (1776, 'CONTACTO@VIAMEDICAL.CL');                 INSERT INTO doctor_has_email (doctor_iddoctor, email_idemail) VALUES (96,1776);            INSERT INTO email (idemail, email) VALUES (1777, 'SIN CORREO');                 INSERT INTO doctor_has_email (doctor_iddoctor, email_idemail) VALUES (96,1777);            COMMIT;            ROLLBACK;
BEGIN;             INSERT INTO doctor (iddoctor, nombre, descripcion, forma_atender, estado)             VALUES (97,'DANIELA FORNI','(SIN OBSERVACION)','DOCTOR','ACTIVO');            INSERT INTO email (idemail, email) VALUES (1778, 'DANIELAFORNI@GMAIL.COM');                 INSERT INTO doctor_has_email (doctor_iddoctor, email_idemail) VALUES (97,1778);            INSERT INTO email (idemail, email) VALUES (1779, 'SIN CORREO');                 INSERT INTO doctor_has_email (doctor_iddoctor, email_idemail) VALUES (97,1779);            INSERT INTO email (idemail, email) VALUES (1780, 'SIN CORREO');                 INSERT INTO doctor_has_email (doctor_iddoctor, email_idemail) VALUES (97,1780);            COMMIT;            ROLLBACK;
BEGIN;             INSERT INTO doctor (iddoctor, nombre, descripcion, forma_atender, estado)             VALUES (98,'DANIELA OCAÑA','(SIN OBSERVACION)','DOCTOR','ACTIVO');            INSERT INTO email (idemail, email) VALUES (1781, 'DLOCANA@MIUANDES.CL');                 INSERT INTO doctor_has_email (doctor_iddoctor, email_idemail) VALUES (98,1781);            INSERT INTO email (idemail, email) VALUES (1782, 'SIN CORREO');                 INSERT INTO doctor_has_email (doctor_iddoctor, email_idemail) VALUES (98,1782);            INSERT INTO email (idemail, email) VALUES (1783, 'SIN CORREO');                 INSERT INTO doctor_has_email (doctor_iddoctor, email_idemail) VALUES (98,1783);            COMMIT;            ROLLBACK;
BEGIN;             INSERT INTO doctor (iddoctor, nombre, descripcion, forma_atender, estado)             VALUES (99,'DANIELA PAZ LEIVA','(SIN OBSERVACION)','DOCTOR','ACTIVO');            INSERT INTO email (idemail, email) VALUES (1784, 'CLINICAODONTOLOGICAPAZ@GMAIL.COM');                 INSERT INTO doctor_has_email (doctor_iddoctor, email_idemail) VALUES (99,1784);            INSERT INTO email (idemail, email) VALUES (1785, 'SIN CORREO');                 INSERT INTO doctor_has_email (doctor_iddoctor, email_idemail) VALUES (99,1785);            INSERT INTO email (idemail, email) VALUES (1786, 'SIN CORREO');                 INSERT INTO doctor_has_email (doctor_iddoctor, email_idemail) VALUES (99,1786);            COMMIT;            ROLLBACK;
BEGIN;             INSERT INTO doctor (iddoctor, nombre, descripcion, forma_atender, estado)             VALUES (100,'DANIELA RIOS','(SIN OBSERVACION)','DOCTOR','ACTIVO');            INSERT INTO email (idemail, email) VALUES (1787, 'SONRISAMAURICIOPADILLA@GMAIL.COM');                 INSERT INTO doctor_has_email (doctor_iddoctor, email_idemail) VALUES (100,1787);            INSERT INTO email (idemail, email) VALUES (1788, 'SIN CORREO');                 INSERT INTO doctor_has_email (doctor_iddoctor, email_idemail) VALUES (100,1788);            INSERT INTO email (idemail, email) VALUES (1789, 'SIN CORREO');                 INSERT INTO doctor_has_email (doctor_iddoctor, email_idemail) VALUES (100,1789);            COMMIT;            ROLLBACK;
BEGIN;             INSERT INTO doctor (iddoctor, nombre, descripcion, forma_atender, estado)             VALUES (101,'DANIELA ROSALES','(SE ENVIA AL MAIL SEGÚN LA ORDEN)','DOCTOR','ACTIVO');            INSERT INTO email (idemail, email) VALUES (1790, 'RX.ODONTOESTUDIOTALCA@GMAIL.COM');                 INSERT INTO doctor_has_email (doctor_iddoctor, email_idemail) VALUES (101,1790);            INSERT INTO email (idemail, email) VALUES (1791, 'RXDRAROSALES@GMAIL.COM');                 INSERT INTO doctor_has_email (doctor_iddoctor, email_idemail) VALUES (101,1791);            INSERT INTO email (idemail, email) VALUES (1792, 'SIN CORREO');                 INSERT INTO doctor_has_email (doctor_iddoctor, email_idemail) VALUES (101,1792);            COMMIT;            ROLLBACK;
BEGIN;             INSERT INTO doctor (iddoctor, nombre, descripcion, forma_atender, estado)             VALUES (102,'DANIELA TORRES','(SE ENVIA AL MAIL SEGÚN LA ORDEN)','DOCTOR','ACTIVO');            INSERT INTO email (idemail, email) VALUES (1793, 'ELPEHUENTALCA.RX@GMAIL.COM');                 INSERT INTO doctor_has_email (doctor_iddoctor, email_idemail) VALUES (102,1793);            INSERT INTO email (idemail, email) VALUES (1794, 'RXALTASONRISATALCA@GMAIL.COM');                 INSERT INTO doctor_has_email (doctor_iddoctor, email_idemail) VALUES (102,1794);            INSERT INTO email (idemail, email) VALUES (1795, 'SIN CORREO');                 INSERT INTO doctor_has_email (doctor_iddoctor, email_idemail) VALUES (102,1795);            COMMIT;            ROLLBACK;
BEGIN;             INSERT INTO doctor (iddoctor, nombre, descripcion, forma_atender, estado)             VALUES (103,'DANILO RODRIGUEZ','(SIN OBSERVACION)','DOCTOR','ACTIVO');            INSERT INTO email (idemail, email) VALUES (1796, 'ODONTOSER.CL@GMAIL.COM');                 INSERT INTO doctor_has_email (doctor_iddoctor, email_idemail) VALUES (103,1796);            INSERT INTO email (idemail, email) VALUES (1797, 'SIN CORREO');                 INSERT INTO doctor_has_email (doctor_iddoctor, email_idemail) VALUES (103,1797);            INSERT INTO email (idemail, email) VALUES (1798, 'SIN CORREO');                 INSERT INTO doctor_has_email (doctor_iddoctor, email_idemail) VALUES (103,1798);            COMMIT;            ROLLBACK;
BEGIN;             INSERT INTO doctor (iddoctor, nombre, descripcion, forma_atender, estado)             VALUES (104,'DIANA RIVERA','(SIN OBSERVACION)','DOCTOR','ACTIVO');            INSERT INTO email (idemail, email) VALUES (1799, 'CLINICAVITASONRISA@GMAIL.COM');                 INSERT INTO doctor_has_email (doctor_iddoctor, email_idemail) VALUES (104,1799);            INSERT INTO email (idemail, email) VALUES (1800, 'SIN CORREO');                 INSERT INTO doctor_has_email (doctor_iddoctor, email_idemail) VALUES (104,1800);            INSERT INTO email (idemail, email) VALUES (1801, 'SIN CORREO');                 INSERT INTO doctor_has_email (doctor_iddoctor, email_idemail) VALUES (104,1801);            COMMIT;            ROLLBACK;
BEGIN;             INSERT INTO doctor (iddoctor, nombre, descripcion, forma_atender, estado)             VALUES (105,'DIEGO CORVELEYN','(SIN OBSERVACION)','DOCTOR','ACTIVO');            INSERT INTO email (idemail, email) VALUES (1802, 'DCORVELEYN@GMAIL.COM');                 INSERT INTO doctor_has_email (doctor_iddoctor, email_idemail) VALUES (105,1802);            INSERT INTO email (idemail, email) VALUES (1803, 'SIN CORREO');                 INSERT INTO doctor_has_email (doctor_iddoctor, email_idemail) VALUES (105,1803);            INSERT INTO email (idemail, email) VALUES (1804, 'SIN CORREO');                 INSERT INTO doctor_has_email (doctor_iddoctor, email_idemail) VALUES (105,1804);            COMMIT;            ROLLBACK;
BEGIN;             INSERT INTO doctor (iddoctor, nombre, descripcion, forma_atender, estado)             VALUES (106,'DIEGO CRUZ','(SIN OBSERVACION)','DOCTOR','ACTIVO');            INSERT INTO email (idemail, email) VALUES (1805, 'DIEGOCRUZC@OUTLOOK.COM');                 INSERT INTO doctor_has_email (doctor_iddoctor, email_idemail) VALUES (106,1805);            INSERT INTO email (idemail, email) VALUES (1806, 'SIN CORREO');                 INSERT INTO doctor_has_email (doctor_iddoctor, email_idemail) VALUES (106,1806);            INSERT INTO email (idemail, email) VALUES (1807, 'SIN CORREO');                 INSERT INTO doctor_has_email (doctor_iddoctor, email_idemail) VALUES (106,1807);            COMMIT;            ROLLBACK;
BEGIN;             INSERT INTO doctor (iddoctor, nombre, descripcion, forma_atender, estado)             VALUES (107,'DIEGO FLORES','(SIN OBSERVACION)','DOCTOR','ACTIVO');            INSERT INTO email (idemail, email) VALUES (1808, 'DIEGO_123FLORES@LIVE.COM');                 INSERT INTO doctor_has_email (doctor_iddoctor, email_idemail) VALUES (107,1808);            INSERT INTO email (idemail, email) VALUES (1809, 'SIN CORREO');                 INSERT INTO doctor_has_email (doctor_iddoctor, email_idemail) VALUES (107,1809);            INSERT INTO email (idemail, email) VALUES (1810, 'SIN CORREO');                 INSERT INTO doctor_has_email (doctor_iddoctor, email_idemail) VALUES (107,1810);            COMMIT;            ROLLBACK;
BEGIN;             INSERT INTO doctor (iddoctor, nombre, descripcion, forma_atender, estado)             VALUES (108,'DIEGO LEON LEPE','(SE ENVIA AL MAIL SEGÚN LA ORDEN)','DOCTOR','ACTIVO');            INSERT INTO email (idemail, email) VALUES (1811, 'CLINICADENTALAPEX@GMAIL.COM');                 INSERT INTO doctor_has_email (doctor_iddoctor, email_idemail) VALUES (108,1811);            INSERT INTO email (idemail, email) VALUES (1812, 'D.LEONLEPE@GMAIL.COM');                 INSERT INTO doctor_has_email (doctor_iddoctor, email_idemail) VALUES (108,1812);            INSERT INTO email (idemail, email) VALUES (1813, 'SIN CORREO');                 INSERT INTO doctor_has_email (doctor_iddoctor, email_idemail) VALUES (108,1813);            COMMIT;            ROLLBACK;
BEGIN;             INSERT INTO doctor (iddoctor, nombre, descripcion, forma_atender, estado)             VALUES (109,'DIEGO MORALES','(SE ENVIA AL MAIL SEGÚN LA ORDEN)','DOCTOR','ACTIVO');            INSERT INTO email (idemail, email) VALUES (1814, 'DIEGOMORALESMOLINA@OUTLOOK.CL');                 INSERT INTO doctor_has_email (doctor_iddoctor, email_idemail) VALUES (109,1814);            INSERT INTO email (idemail, email) VALUES (1815, 'RX.CLINICARENACE@GMAIL.COM');                 INSERT INTO doctor_has_email (doctor_iddoctor, email_idemail) VALUES (109,1815);            INSERT INTO email (idemail, email) VALUES (1816, 'SIN CORREO');                 INSERT INTO doctor_has_email (doctor_iddoctor, email_idemail) VALUES (109,1816);            COMMIT;            ROLLBACK;
BEGIN;             INSERT INTO doctor (iddoctor, nombre, descripcion, forma_atender, estado)             VALUES (110,'EDUARDO ASTUDILLO','(SIN OBSERVACION)','DOCTOR','ACTIVO');            INSERT INTO email (idemail, email) VALUES (1817, 'EASMATUS@GMAIL.COM');                 INSERT INTO doctor_has_email (doctor_iddoctor, email_idemail) VALUES (110,1817);            INSERT INTO email (idemail, email) VALUES (1818, 'SIN CORREO');                 INSERT INTO doctor_has_email (doctor_iddoctor, email_idemail) VALUES (110,1818);            INSERT INTO email (idemail, email) VALUES (1819, 'SIN CORREO');                 INSERT INTO doctor_has_email (doctor_iddoctor, email_idemail) VALUES (110,1819);            COMMIT;            ROLLBACK;
BEGIN;             INSERT INTO doctor (iddoctor, nombre, descripcion, forma_atender, estado)             VALUES (111,'EDUARDO CANALES','(SIN OBSERVACION)','DOCTOR','ACTIVO');            INSERT INTO email (idemail, email) VALUES (1820, 'ECANALES@CREOSALUD.CL');                 INSERT INTO doctor_has_email (doctor_iddoctor, email_idemail) VALUES (111,1820);            INSERT INTO email (idemail, email) VALUES (1821, 'SIN CORREO');                 INSERT INTO doctor_has_email (doctor_iddoctor, email_idemail) VALUES (111,1821);            INSERT INTO email (idemail, email) VALUES (1822, 'SIN CORREO');                 INSERT INTO doctor_has_email (doctor_iddoctor, email_idemail) VALUES (111,1822);            COMMIT;            ROLLBACK;
BEGIN;             INSERT INTO doctor (iddoctor, nombre, descripcion, forma_atender, estado)             VALUES (112,'EDUARDO MALDONADO','(SIN OBSERVACION)','DOCTOR','ACTIVO');            INSERT INTO email (idemail, email) VALUES (1823, 'CLINICA.AKUDENT@GMAIL.COM');                 INSERT INTO doctor_has_email (doctor_iddoctor, email_idemail) VALUES (112,1823);            INSERT INTO email (idemail, email) VALUES (1824, 'SIN CORREO');                 INSERT INTO doctor_has_email (doctor_iddoctor, email_idemail) VALUES (112,1824);            INSERT INTO email (idemail, email) VALUES (1825, 'SIN CORREO');                 INSERT INTO doctor_has_email (doctor_iddoctor, email_idemail) VALUES (112,1825);            COMMIT;            ROLLBACK;
BEGIN;             INSERT INTO doctor (iddoctor, nombre, descripcion, forma_atender, estado)             VALUES (113,'EMILIO FUENTES','(SIN OBSERVACION)','DOCTOR','ACTIVO');            INSERT INTO email (idemail, email) VALUES (1826, 'EMILIO.FUENTES.G@GMAIL.COM');                 INSERT INTO doctor_has_email (doctor_iddoctor, email_idemail) VALUES (113,1826);            INSERT INTO email (idemail, email) VALUES (1827, 'SIN CORREO');                 INSERT INTO doctor_has_email (doctor_iddoctor, email_idemail) VALUES (113,1827);            INSERT INTO email (idemail, email) VALUES (1828, 'SIN CORREO');                 INSERT INTO doctor_has_email (doctor_iddoctor, email_idemail) VALUES (113,1828);            COMMIT;            ROLLBACK;
BEGIN;             INSERT INTO doctor (iddoctor, nombre, descripcion, forma_atender, estado)             VALUES (114,'ENRIQUE BENAVIDES','(SIN OBSERVACION)','DOCTOR','ACTIVO');            INSERT INTO email (idemail, email) VALUES (1829, 'ENRIQUEBENAVIDESV@HOTMAIL.COM');                 INSERT INTO doctor_has_email (doctor_iddoctor, email_idemail) VALUES (114,1829);            INSERT INTO email (idemail, email) VALUES (1830, 'SIN CORREO');                 INSERT INTO doctor_has_email (doctor_iddoctor, email_idemail) VALUES (114,1830);            INSERT INTO email (idemail, email) VALUES (1831, 'SIN CORREO');                 INSERT INTO doctor_has_email (doctor_iddoctor, email_idemail) VALUES (114,1831);            COMMIT;            ROLLBACK;
BEGIN;             INSERT INTO doctor (iddoctor, nombre, descripcion, forma_atender, estado)             VALUES (115,'ERICA BUSTAMANTE','(SIN OBSERVACION)','DOCTOR','ACTIVO');            INSERT INTO email (idemail, email) VALUES (1832, 'ERICA.BUSTAMANTE@AYEN.CL');                 INSERT INTO doctor_has_email (doctor_iddoctor, email_idemail) VALUES (115,1832);            INSERT INTO email (idemail, email) VALUES (1833, 'SIN CORREO');                 INSERT INTO doctor_has_email (doctor_iddoctor, email_idemail) VALUES (115,1833);            INSERT INTO email (idemail, email) VALUES (1834, 'SIN CORREO');                 INSERT INTO doctor_has_email (doctor_iddoctor, email_idemail) VALUES (115,1834);            COMMIT;            ROLLBACK;
BEGIN;             INSERT INTO doctor (iddoctor, nombre, descripcion, forma_atender, estado)             VALUES (116,'EVELYN CARRASCO','(SIN OBSERVACION)','DOCTOR','ACTIVO');            INSERT INTO email (idemail, email) VALUES (1835, 'OASISTALCA@GMAIL.COM');                 INSERT INTO doctor_has_email (doctor_iddoctor, email_idemail) VALUES (116,1835);            INSERT INTO email (idemail, email) VALUES (1836, 'SIN CORREO');                 INSERT INTO doctor_has_email (doctor_iddoctor, email_idemail) VALUES (116,1836);            INSERT INTO email (idemail, email) VALUES (1837, 'SIN CORREO');                 INSERT INTO doctor_has_email (doctor_iddoctor, email_idemail) VALUES (116,1837);            COMMIT;            ROLLBACK;
BEGIN;             INSERT INTO doctor (iddoctor, nombre, descripcion, forma_atender, estado)             VALUES (117,'FABIÁN QUIROZ','(SE ENVIA AL MAIL SEGÚN LA ORDEN)','DOCTOR','ACTIVO');            INSERT INTO email (idemail, email) VALUES (1838, 'CLINICADENTALBOREAL@GMAIL.COM');                 INSERT INTO doctor_has_email (doctor_iddoctor, email_idemail) VALUES (117,1838);            INSERT INTO email (idemail, email) VALUES (1839, 'FQUIROZESCOBAR@GMAIL.COM');                 INSERT INTO doctor_has_email (doctor_iddoctor, email_idemail) VALUES (117,1839);            INSERT INTO email (idemail, email) VALUES (1840, 'SIN CORREO');                 INSERT INTO doctor_has_email (doctor_iddoctor, email_idemail) VALUES (117,1840);            COMMIT;            ROLLBACK;
BEGIN;             INSERT INTO doctor (iddoctor, nombre, descripcion, forma_atender, estado)             VALUES (118,'FABIAN RODRIGUEZ','(SIN OBSERVACION)','DOCTOR','ACTIVO');            INSERT INTO email (idemail, email) VALUES (1841, 'ORTHOVITAL@GMAIL.COM');                 INSERT INTO doctor_has_email (doctor_iddoctor, email_idemail) VALUES (118,1841);            INSERT INTO email (idemail, email) VALUES (1842, 'SIN CORREO');                 INSERT INTO doctor_has_email (doctor_iddoctor, email_idemail) VALUES (118,1842);            INSERT INTO email (idemail, email) VALUES (1843, 'SIN CORREO');                 INSERT INTO doctor_has_email (doctor_iddoctor, email_idemail) VALUES (118,1843);            COMMIT;            ROLLBACK;
BEGIN;             INSERT INTO doctor (iddoctor, nombre, descripcion, forma_atender, estado)             VALUES (119,'FABIOLA ARROYO','(SIN OBSERVACION)','DOCTOR','ACTIVO');            INSERT INTO email (idemail, email) VALUES (1844, 'FABIOLA.ARROYO@GMAIL.COM');                 INSERT INTO doctor_has_email (doctor_iddoctor, email_idemail) VALUES (119,1844);            INSERT INTO email (idemail, email) VALUES (1845, 'SIN CORREO');                 INSERT INTO doctor_has_email (doctor_iddoctor, email_idemail) VALUES (119,1845);            INSERT INTO email (idemail, email) VALUES (1846, 'SIN CORREO');                 INSERT INTO doctor_has_email (doctor_iddoctor, email_idemail) VALUES (119,1846);            COMMIT;            ROLLBACK;
BEGIN;             INSERT INTO doctor (iddoctor, nombre, descripcion, forma_atender, estado)             VALUES (120,'FELIPE CASTILLO VILLARROEL','(SE ENVIA AL MAIL SEGÚN LA ORDEN)','DOCTOR','ACTIVO');            INSERT INTO email (idemail, email) VALUES (1847, 'CASTILLOVILLARROELF@GMAIL.COM');                 INSERT INTO doctor_has_email (doctor_iddoctor, email_idemail) VALUES (120,1847);            INSERT INTO email (idemail, email) VALUES (1848, 'CLINICADENTINOVA2020@GMAIL.COM');                 INSERT INTO doctor_has_email (doctor_iddoctor, email_idemail) VALUES (120,1848);            INSERT INTO email (idemail, email) VALUES (1849, 'SIN CORREO');                 INSERT INTO doctor_has_email (doctor_iddoctor, email_idemail) VALUES (120,1849);            COMMIT;            ROLLBACK;
BEGIN;             INSERT INTO doctor (iddoctor, nombre, descripcion, forma_atender, estado)             VALUES (121,'FELIPE CERVELA','(SIN OBSERVACION)','DOCTOR','ACTIVO');            INSERT INTO email (idemail, email) VALUES (1850, 'CIMA.ODONTOINTEGRAL@GMAIL.COM');                 INSERT INTO doctor_has_email (doctor_iddoctor, email_idemail) VALUES (121,1850);            INSERT INTO email (idemail, email) VALUES (1851, 'SIN CORREO');                 INSERT INTO doctor_has_email (doctor_iddoctor, email_idemail) VALUES (121,1851);            INSERT INTO email (idemail, email) VALUES (1852, 'SIN CORREO');                 INSERT INTO doctor_has_email (doctor_iddoctor, email_idemail) VALUES (121,1852);            COMMIT;            ROLLBACK;
BEGIN;             INSERT INTO doctor (iddoctor, nombre, descripcion, forma_atender, estado)             VALUES (122,'FELIPE GARRIDO','(SIN OBSERVACION)','DOCTOR','ACTIVO');            INSERT INTO email (idemail, email) VALUES (1853, 'FELIPEGARRIDODENTISTA@GMAIL.COM');                 INSERT INTO doctor_has_email (doctor_iddoctor, email_idemail) VALUES (122,1853);            INSERT INTO email (idemail, email) VALUES (1854, 'SIN CORREO');                 INSERT INTO doctor_has_email (doctor_iddoctor, email_idemail) VALUES (122,1854);            INSERT INTO email (idemail, email) VALUES (1855, 'SIN CORREO');                 INSERT INTO doctor_has_email (doctor_iddoctor, email_idemail) VALUES (122,1855);            COMMIT;            ROLLBACK;
BEGIN;             INSERT INTO doctor (iddoctor, nombre, descripcion, forma_atender, estado)             VALUES (123,'FELIPE LILLO','(SIN OBSERVACION)','DOCTOR','ACTIVO');            INSERT INTO email (idemail, email) VALUES (1856, 'LYMCENTROODONTOLOGICO@GMAIL.COM');                 INSERT INTO doctor_has_email (doctor_iddoctor, email_idemail) VALUES (123,1856);            INSERT INTO email (idemail, email) VALUES (1857, 'SIN CORREO');                 INSERT INTO doctor_has_email (doctor_iddoctor, email_idemail) VALUES (123,1857);            INSERT INTO email (idemail, email) VALUES (1858, 'SIN CORREO');                 INSERT INTO doctor_has_email (doctor_iddoctor, email_idemail) VALUES (123,1858);            COMMIT;            ROLLBACK;
BEGIN;             INSERT INTO doctor (iddoctor, nombre, descripcion, forma_atender, estado)             VALUES (124,'FELIPE SOTO','(SIN OBSERVACION)','DOCTOR','ACTIVO');            INSERT INTO email (idemail, email) VALUES (1859, 'RX.IO.TALCA@GMAIL.COM');                 INSERT INTO doctor_has_email (doctor_iddoctor, email_idemail) VALUES (124,1859);            INSERT INTO email (idemail, email) VALUES (1860, 'SIN CORREO');                 INSERT INTO doctor_has_email (doctor_iddoctor, email_idemail) VALUES (124,1860);            INSERT INTO email (idemail, email) VALUES (1861, 'SIN CORREO');                 INSERT INTO doctor_has_email (doctor_iddoctor, email_idemail) VALUES (124,1861);            COMMIT;            ROLLBACK;
BEGIN;             INSERT INTO doctor (iddoctor, nombre, descripcion, forma_atender, estado)             VALUES (125,'FERNANDA CLAVER','(SIN OBSERVACION)','DOCTOR','ACTIVO');            INSERT INTO email (idemail, email) VALUES (1862, 'FERNANDACLAVER@GMAIL.COM');                 INSERT INTO doctor_has_email (doctor_iddoctor, email_idemail) VALUES (125,1862);            INSERT INTO email (idemail, email) VALUES (1863, 'SIN CORREO');                 INSERT INTO doctor_has_email (doctor_iddoctor, email_idemail) VALUES (125,1863);            INSERT INTO email (idemail, email) VALUES (1864, 'SIN CORREO');                 INSERT INTO doctor_has_email (doctor_iddoctor, email_idemail) VALUES (125,1864);            COMMIT;            ROLLBACK;
BEGIN;             INSERT INTO doctor (iddoctor, nombre, descripcion, forma_atender, estado)             VALUES (126,'FERNANDA GUTIERREZ','(SIN OBSERVACION)','DOCTOR','ACTIVO');            INSERT INTO email (idemail, email) VALUES (1865, 'CLINICAVITASONRISA@GMAIL.COM');                 INSERT INTO doctor_has_email (doctor_iddoctor, email_idemail) VALUES (126,1865);            INSERT INTO email (idemail, email) VALUES (1866, 'SIN CORREO');                 INSERT INTO doctor_has_email (doctor_iddoctor, email_idemail) VALUES (126,1866);            INSERT INTO email (idemail, email) VALUES (1867, 'SIN CORREO');                 INSERT INTO doctor_has_email (doctor_iddoctor, email_idemail) VALUES (126,1867);            COMMIT;            ROLLBACK;
BEGIN;             INSERT INTO doctor (iddoctor, nombre, descripcion, forma_atender, estado)             VALUES (127,'FERNANDO BRAVO','(SIN OBSERVACION)','DOCTOR','ACTIVO');            INSERT INTO email (idemail, email) VALUES (1868, 'RXCESFAMLAFLORIDA@GMAIL.COM');                 INSERT INTO doctor_has_email (doctor_iddoctor, email_idemail) VALUES (127,1868);            INSERT INTO email (idemail, email) VALUES (1869, 'SIN CORREO');                 INSERT INTO doctor_has_email (doctor_iddoctor, email_idemail) VALUES (127,1869);            INSERT INTO email (idemail, email) VALUES (1870, 'SIN CORREO');                 INSERT INTO doctor_has_email (doctor_iddoctor, email_idemail) VALUES (127,1870);            COMMIT;            ROLLBACK;
BEGIN;             INSERT INTO doctor (iddoctor, nombre, descripcion, forma_atender, estado)             VALUES (128,'FERNANDO FUENTES','(SIN OBSERVACION)','DOCTOR','ACTIVO');            INSERT INTO email (idemail, email) VALUES (1871, 'FERNANDO.FUENTES.OD@GMAIL.COM');                 INSERT INTO doctor_has_email (doctor_iddoctor, email_idemail) VALUES (128,1871);            INSERT INTO email (idemail, email) VALUES (1872, 'SIN CORREO');                 INSERT INTO doctor_has_email (doctor_iddoctor, email_idemail) VALUES (128,1872);            INSERT INTO email (idemail, email) VALUES (1873, 'SIN CORREO');                 INSERT INTO doctor_has_email (doctor_iddoctor, email_idemail) VALUES (128,1873);            COMMIT;            ROLLBACK;
BEGIN;             INSERT INTO doctor (iddoctor, nombre, descripcion, forma_atender, estado)             VALUES (129,'FERNANDO HERRERA','(SIN OBSERVACION)','DOCTOR','ACTIVO');            INSERT INTO email (idemail, email) VALUES (1874, 'DR.FERNANDOHERRERA@GMAIL.COM');                 INSERT INTO doctor_has_email (doctor_iddoctor, email_idemail) VALUES (129,1874);            INSERT INTO email (idemail, email) VALUES (1875, 'SIN CORREO');                 INSERT INTO doctor_has_email (doctor_iddoctor, email_idemail) VALUES (129,1875);            INSERT INTO email (idemail, email) VALUES (1876, 'SIN CORREO');                 INSERT INTO doctor_has_email (doctor_iddoctor, email_idemail) VALUES (129,1876);            COMMIT;            ROLLBACK;
BEGIN;             INSERT INTO doctor (iddoctor, nombre, descripcion, forma_atender, estado)             VALUES (130,'FRANCISCA AEDO','(SIN OBSERVACION)','DOCTOR','ACTIVO');            INSERT INTO email (idemail, email) VALUES (1877, 'FAEDO@UDD.CL');                 INSERT INTO doctor_has_email (doctor_iddoctor, email_idemail) VALUES (130,1877);            INSERT INTO email (idemail, email) VALUES (1878, 'SIN CORREO');                 INSERT INTO doctor_has_email (doctor_iddoctor, email_idemail) VALUES (130,1878);            INSERT INTO email (idemail, email) VALUES (1879, 'SIN CORREO');                 INSERT INTO doctor_has_email (doctor_iddoctor, email_idemail) VALUES (130,1879);            COMMIT;            ROLLBACK;
BEGIN;             INSERT INTO doctor (iddoctor, nombre, descripcion, forma_atender, estado)             VALUES (131,'FRANCISCA CORBETT','(SIN OBSERVACION)','DOCTOR','ACTIVO');            INSERT INTO email (idemail, email) VALUES (1880, 'FRANCISCA.CORBETT@LIVE.CL');                 INSERT INTO doctor_has_email (doctor_iddoctor, email_idemail) VALUES (131,1880);            INSERT INTO email (idemail, email) VALUES (1881, 'SIN CORREO');                 INSERT INTO doctor_has_email (doctor_iddoctor, email_idemail) VALUES (131,1881);            INSERT INTO email (idemail, email) VALUES (1882, 'SIN CORREO');                 INSERT INTO doctor_has_email (doctor_iddoctor, email_idemail) VALUES (131,1882);            COMMIT;            ROLLBACK;
BEGIN;             INSERT INTO doctor (iddoctor, nombre, descripcion, forma_atender, estado)             VALUES (132,'FRANCISCA COVARRUBIAS','(SIN OBSERVACION)','DOCTOR','ACTIVO');            INSERT INTO email (idemail, email) VALUES (1883, 'CESFAMFAUSTINO.DENTAL@GMAIL.COM');                 INSERT INTO doctor_has_email (doctor_iddoctor, email_idemail) VALUES (132,1883);            INSERT INTO email (idemail, email) VALUES (1884, 'SIN CORREO');                 INSERT INTO doctor_has_email (doctor_iddoctor, email_idemail) VALUES (132,1884);            INSERT INTO email (idemail, email) VALUES (1885, 'SIN CORREO');                 INSERT INTO doctor_has_email (doctor_iddoctor, email_idemail) VALUES (132,1885);            COMMIT;            ROLLBACK;
BEGIN;             INSERT INTO doctor (iddoctor, nombre, descripcion, forma_atender, estado)             VALUES (133,'FRANCISCA DEL PINO SOTO','(SE ENVIA AL MAIL SEGÚN LA ORDEN)','DOCTOR','ACTIVO');            INSERT INTO email (idemail, email) VALUES (1886, 'CONTACTO@VIAMEDICAL.CL');                 INSERT INTO doctor_has_email (doctor_iddoctor, email_idemail) VALUES (133,1886);            INSERT INTO email (idemail, email) VALUES (1887, 'FDELPINOSOTO@GMAIL.COM');                 INSERT INTO doctor_has_email (doctor_iddoctor, email_idemail) VALUES (133,1887);            INSERT INTO email (idemail, email) VALUES (1888, 'SIN CORREO');                 INSERT INTO doctor_has_email (doctor_iddoctor, email_idemail) VALUES (133,1888);            COMMIT;            ROLLBACK;
BEGIN;             INSERT INTO doctor (iddoctor, nombre, descripcion, forma_atender, estado)             VALUES (134,'FRANCISCA ESPINOZA SANCHEZ','(SIN OBSERVACION)','DOCTOR','ACTIVO');            INSERT INTO email (idemail, email) VALUES (1889, 'FRANESPINOZASANCHEZ@GMAIL.COM');                 INSERT INTO doctor_has_email (doctor_iddoctor, email_idemail) VALUES (134,1889);            INSERT INTO email (idemail, email) VALUES (1890, 'SIN CORREO');                 INSERT INTO doctor_has_email (doctor_iddoctor, email_idemail) VALUES (134,1890);            INSERT INTO email (idemail, email) VALUES (1891, 'SIN CORREO');                 INSERT INTO doctor_has_email (doctor_iddoctor, email_idemail) VALUES (134,1891);            COMMIT;            ROLLBACK;
BEGIN;             INSERT INTO doctor (iddoctor, nombre, descripcion, forma_atender, estado)             VALUES (135,'FRANCISCA LUARTE','(SIN OBSERVACION)','DOCTOR','ACTIVO');            INSERT INTO email (idemail, email) VALUES (1892, 'CONTACTO@ENDODONCIATALCA.CL');                 INSERT INTO doctor_has_email (doctor_iddoctor, email_idemail) VALUES (135,1892);            INSERT INTO email (idemail, email) VALUES (1893, 'SIN CORREO');                 INSERT INTO doctor_has_email (doctor_iddoctor, email_idemail) VALUES (135,1893);            INSERT INTO email (idemail, email) VALUES (1894, 'SIN CORREO');                 INSERT INTO doctor_has_email (doctor_iddoctor, email_idemail) VALUES (135,1894);            COMMIT;            ROLLBACK;
BEGIN;             INSERT INTO doctor (iddoctor, nombre, descripcion, forma_atender, estado)             VALUES (136,'FRANCISCA SALVO','(SIN OBSERVACION)','DOCTOR','ACTIVO');            INSERT INTO email (idemail, email) VALUES (1895, 'FRANCISCA.PAZ.SALVO@GMAIL.COM');                 INSERT INTO doctor_has_email (doctor_iddoctor, email_idemail) VALUES (136,1895);            INSERT INTO email (idemail, email) VALUES (1896, 'SIN CORREO');                 INSERT INTO doctor_has_email (doctor_iddoctor, email_idemail) VALUES (136,1896);            INSERT INTO email (idemail, email) VALUES (1897, 'SIN CORREO');                 INSERT INTO doctor_has_email (doctor_iddoctor, email_idemail) VALUES (136,1897);            COMMIT;            ROLLBACK;
BEGIN;             INSERT INTO doctor (iddoctor, nombre, descripcion, forma_atender, estado)             VALUES (137,'FRANCISCO FRANZANI','(SIN OBSERVACION)','DOCTOR','ACTIVO');            INSERT INTO email (idemail, email) VALUES (1898, 'FFRANZANI@HOTMAIL.COM');                 INSERT INTO doctor_has_email (doctor_iddoctor, email_idemail) VALUES (137,1898);            INSERT INTO email (idemail, email) VALUES (1899, 'SIN CORREO');                 INSERT INTO doctor_has_email (doctor_iddoctor, email_idemail) VALUES (137,1899);            INSERT INTO email (idemail, email) VALUES (1900, 'SIN CORREO');                 INSERT INTO doctor_has_email (doctor_iddoctor, email_idemail) VALUES (137,1900);            COMMIT;            ROLLBACK;
BEGIN;             INSERT INTO doctor (iddoctor, nombre, descripcion, forma_atender, estado)             VALUES (138,'FRANCISCO PEREZ','(SIN OBSERVACION)','DOCTOR','ACTIVO');            INSERT INTO email (idemail, email) VALUES (1901, 'RXEDENSPADENTAL@GMAIL.COM');                 INSERT INTO doctor_has_email (doctor_iddoctor, email_idemail) VALUES (138,1901);            INSERT INTO email (idemail, email) VALUES (1902, 'SIN CORREO');                 INSERT INTO doctor_has_email (doctor_iddoctor, email_idemail) VALUES (138,1902);            INSERT INTO email (idemail, email) VALUES (1903, 'SIN CORREO');                 INSERT INTO doctor_has_email (doctor_iddoctor, email_idemail) VALUES (138,1903);            COMMIT;            ROLLBACK;
BEGIN;             INSERT INTO doctor (iddoctor, nombre, descripcion, forma_atender, estado)             VALUES (139,'FRANCISCO PIZARRO','(SIN OBSERVACION)','DOCTOR','ACTIVO');            INSERT INTO email (idemail, email) VALUES (1904, 'CLINICADENTALMEDDENT@GMAIL.COM');                 INSERT INTO doctor_has_email (doctor_iddoctor, email_idemail) VALUES (139,1904);            INSERT INTO email (idemail, email) VALUES (1905, 'SIN CORREO');                 INSERT INTO doctor_has_email (doctor_iddoctor, email_idemail) VALUES (139,1905);            INSERT INTO email (idemail, email) VALUES (1906, 'SIN CORREO');                 INSERT INTO doctor_has_email (doctor_iddoctor, email_idemail) VALUES (139,1906);            COMMIT;            ROLLBACK;
BEGIN;             INSERT INTO doctor (iddoctor, nombre, descripcion, forma_atender, estado)             VALUES (140,'FRANCISCO SEREY','(SIN OBSERVACION)','DOCTOR','ACTIVO');            INSERT INTO email (idemail, email) VALUES (1907, 'FRANCISCO.SEREY@HOTMAIL.COM');                 INSERT INTO doctor_has_email (doctor_iddoctor, email_idemail) VALUES (140,1907);            INSERT INTO email (idemail, email) VALUES (1908, 'SIN CORREO');                 INSERT INTO doctor_has_email (doctor_iddoctor, email_idemail) VALUES (140,1908);            INSERT INTO email (idemail, email) VALUES (1909, 'SIN CORREO');                 INSERT INTO doctor_has_email (doctor_iddoctor, email_idemail) VALUES (140,1909);            COMMIT;            ROLLBACK;
BEGIN;             INSERT INTO doctor (iddoctor, nombre, descripcion, forma_atender, estado)             VALUES (141,'FRANCO CARRION','(SE ENVIA AL MAIL SEGÚN LA ORDEN)','DOCTOR','ACTIVO');            INSERT INTO email (idemail, email) VALUES (1910, 'FCARRIONG@GMAIL.COM');                 INSERT INTO doctor_has_email (doctor_iddoctor, email_idemail) VALUES (141,1910);            INSERT INTO email (idemail, email) VALUES (1911, 'NOVAERAODONTOLOGIA@GMAIL.COM');                 INSERT INTO doctor_has_email (doctor_iddoctor, email_idemail) VALUES (141,1911);            INSERT INTO email (idemail, email) VALUES (1912, 'SIN CORREO');                 INSERT INTO doctor_has_email (doctor_iddoctor, email_idemail) VALUES (141,1912);            COMMIT;            ROLLBACK;
BEGIN;             INSERT INTO doctor (iddoctor, nombre, descripcion, forma_atender, estado)             VALUES (142,'FRANCO DONOSO','(SIN OBSERVACION)','DOCTOR','ACTIVO');            INSERT INTO email (idemail, email) VALUES (1913, 'DRFRANCODONOSO@GMAIL.COM');                 INSERT INTO doctor_has_email (doctor_iddoctor, email_idemail) VALUES (142,1913);            INSERT INTO email (idemail, email) VALUES (1914, 'SIN CORREO');                 INSERT INTO doctor_has_email (doctor_iddoctor, email_idemail) VALUES (142,1914);            INSERT INTO email (idemail, email) VALUES (1915, 'SIN CORREO');                 INSERT INTO doctor_has_email (doctor_iddoctor, email_idemail) VALUES (142,1915);            COMMIT;            ROLLBACK;
BEGIN;             INSERT INTO doctor (iddoctor, nombre, descripcion, forma_atender, estado)             VALUES (143,'FRANCO HASBUN','(SIN OBSERVACION)','DOCTOR','ACTIVO');            INSERT INTO email (idemail, email) VALUES (1916, 'FRANCOHASBUN@GMAIL.COM');                 INSERT INTO doctor_has_email (doctor_iddoctor, email_idemail) VALUES (143,1916);            INSERT INTO email (idemail, email) VALUES (1917, 'SIN CORREO');                 INSERT INTO doctor_has_email (doctor_iddoctor, email_idemail) VALUES (143,1917);            INSERT INTO email (idemail, email) VALUES (1918, 'SIN CORREO');                 INSERT INTO doctor_has_email (doctor_iddoctor, email_idemail) VALUES (143,1918);            COMMIT;            ROLLBACK;
BEGIN;             INSERT INTO doctor (iddoctor, nombre, descripcion, forma_atender, estado)             VALUES (144,'GENARO ROCHA','(SIN OBSERVACION)','DOCTOR','ACTIVO');            INSERT INTO email (idemail, email) VALUES (1919, 'OD.GROCHAS@HOTMAIL.COM');                 INSERT INTO doctor_has_email (doctor_iddoctor, email_idemail) VALUES (144,1919);            INSERT INTO email (idemail, email) VALUES (1920, 'SIN CORREO');                 INSERT INTO doctor_has_email (doctor_iddoctor, email_idemail) VALUES (144,1920);            INSERT INTO email (idemail, email) VALUES (1921, 'SIN CORREO');                 INSERT INTO doctor_has_email (doctor_iddoctor, email_idemail) VALUES (144,1921);            COMMIT;            ROLLBACK;
BEGIN;             INSERT INTO doctor (iddoctor, nombre, descripcion, forma_atender, estado)             VALUES (145,'GERALDINE MADERA','(SIN OBSERVACION)','DOCTOR','ACTIVO');            INSERT INTO email (idemail, email) VALUES (1922, 'DRAMADERABAEZ@GMAIL.COM');                 INSERT INTO doctor_has_email (doctor_iddoctor, email_idemail) VALUES (145,1922);            INSERT INTO email (idemail, email) VALUES (1923, 'SIN CORREO');                 INSERT INTO doctor_has_email (doctor_iddoctor, email_idemail) VALUES (145,1923);            INSERT INTO email (idemail, email) VALUES (1924, 'SIN CORREO');                 INSERT INTO doctor_has_email (doctor_iddoctor, email_idemail) VALUES (145,1924);            COMMIT;            ROLLBACK;
BEGIN;             INSERT INTO doctor (iddoctor, nombre, descripcion, forma_atender, estado)             VALUES (146,'GONZALO LOPEZ','(SIN OBSERVACION)','DOCTOR','ACTIVO');            INSERT INTO email (idemail, email) VALUES (1925, 'ELPEHUENTALCA.RX@GMAIL.COM');                 INSERT INTO doctor_has_email (doctor_iddoctor, email_idemail) VALUES (146,1925);            INSERT INTO email (idemail, email) VALUES (1926, 'SIN CORREO');                 INSERT INTO doctor_has_email (doctor_iddoctor, email_idemail) VALUES (146,1926);            INSERT INTO email (idemail, email) VALUES (1927, 'SIN CORREO');                 INSERT INTO doctor_has_email (doctor_iddoctor, email_idemail) VALUES (146,1927);            COMMIT;            ROLLBACK;
BEGIN;             INSERT INTO doctor (iddoctor, nombre, descripcion, forma_atender, estado)             VALUES (147,'GONZALO MUÑOZ','(SIN OBSERVACION)','DOCTOR','ACTIVO');            INSERT INTO email (idemail, email) VALUES (1928, 'CONTACTO@ENDODONCIATALCA.CL');                 INSERT INTO doctor_has_email (doctor_iddoctor, email_idemail) VALUES (147,1928);            INSERT INTO email (idemail, email) VALUES (1929, 'SIN CORREO');                 INSERT INTO doctor_has_email (doctor_iddoctor, email_idemail) VALUES (147,1929);            INSERT INTO email (idemail, email) VALUES (1930, 'SIN CORREO');                 INSERT INTO doctor_has_email (doctor_iddoctor, email_idemail) VALUES (147,1930);            COMMIT;            ROLLBACK;
BEGIN;             INSERT INTO doctor (iddoctor, nombre, descripcion, forma_atender, estado)             VALUES (148,'GONZALO TRUJILLO','(SIN OBSERVACION)','DOCTOR','ACTIVO');            INSERT INTO email (idemail, email) VALUES (1931, 'EGTRUJILLO@GMAIL.COM');                 INSERT INTO doctor_has_email (doctor_iddoctor, email_idemail) VALUES (148,1931);            INSERT INTO email (idemail, email) VALUES (1932, 'SIN CORREO');                 INSERT INTO doctor_has_email (doctor_iddoctor, email_idemail) VALUES (148,1932);            INSERT INTO email (idemail, email) VALUES (1933, 'SIN CORREO');                 INSERT INTO doctor_has_email (doctor_iddoctor, email_idemail) VALUES (148,1933);            COMMIT;            ROLLBACK;
BEGIN;             INSERT INTO doctor (iddoctor, nombre, descripcion, forma_atender, estado)             VALUES (149,'GUSTAVO JAQUES','(SIN OBSERVACION)','DOCTOR','ACTIVO');            INSERT INTO email (idemail, email) VALUES (1934, 'GUSTAVOJAQUESF@GMAIL.COM');                 INSERT INTO doctor_has_email (doctor_iddoctor, email_idemail) VALUES (149,1934);            INSERT INTO email (idemail, email) VALUES (1935, 'SIN CORREO');                 INSERT INTO doctor_has_email (doctor_iddoctor, email_idemail) VALUES (149,1935);            INSERT INTO email (idemail, email) VALUES (1936, 'SIN CORREO');                 INSERT INTO doctor_has_email (doctor_iddoctor, email_idemail) VALUES (149,1936);            COMMIT;            ROLLBACK;
BEGIN;             INSERT INTO doctor (iddoctor, nombre, descripcion, forma_atender, estado)             VALUES (150,'GUSTAVO ZAMORA','(SIN OBSERVACION)','DOCTOR','ACTIVO');            INSERT INTO email (idemail, email) VALUES (1937, 'RXPOSTAMERCEDES@GMAIL.COM');                 INSERT INTO doctor_has_email (doctor_iddoctor, email_idemail) VALUES (150,1937);            INSERT INTO email (idemail, email) VALUES (1938, 'SIN CORREO');                 INSERT INTO doctor_has_email (doctor_iddoctor, email_idemail) VALUES (150,1938);            INSERT INTO email (idemail, email) VALUES (1939, 'SIN CORREO');                 INSERT INTO doctor_has_email (doctor_iddoctor, email_idemail) VALUES (150,1939);            COMMIT;            ROLLBACK;
BEGIN;             INSERT INTO doctor (iddoctor, nombre, descripcion, forma_atender, estado)             VALUES (151,'HECTOR ROBLES','(SIN OBSERVACION)','DOCTOR','ACTIVO');            INSERT INTO email (idemail, email) VALUES (1940, 'HROBLES@HOTMAIL.COM');                 INSERT INTO doctor_has_email (doctor_iddoctor, email_idemail) VALUES (151,1940);            INSERT INTO email (idemail, email) VALUES (1941, 'SIN CORREO');                 INSERT INTO doctor_has_email (doctor_iddoctor, email_idemail) VALUES (151,1941);            INSERT INTO email (idemail, email) VALUES (1942, 'SIN CORREO');                 INSERT INTO doctor_has_email (doctor_iddoctor, email_idemail) VALUES (151,1942);            COMMIT;            ROLLBACK;
BEGIN;             INSERT INTO doctor (iddoctor, nombre, descripcion, forma_atender, estado)             VALUES (152,'HECTOR ROBLES FUENTES','(SIN OBSERVACION)','DOCTOR','ACTIVO');            INSERT INTO email (idemail, email) VALUES (1943, 'CLINICAOITALCA@GMAIL.COM');                 INSERT INTO doctor_has_email (doctor_iddoctor, email_idemail) VALUES (152,1943);            INSERT INTO email (idemail, email) VALUES (1944, 'SIN CORREO');                 INSERT INTO doctor_has_email (doctor_iddoctor, email_idemail) VALUES (152,1944);            INSERT INTO email (idemail, email) VALUES (1945, 'SIN CORREO');                 INSERT INTO doctor_has_email (doctor_iddoctor, email_idemail) VALUES (152,1945);            COMMIT;            ROLLBACK;
BEGIN;             INSERT INTO doctor (iddoctor, nombre, descripcion, forma_atender, estado)             VALUES (153,'HORACIO MAZZARINI','(SIN OBSERVACION)','DOCTOR','ACTIVO');            INSERT INTO email (idemail, email) VALUES (1946, 'HORACIOMAZZARINI@HOTMAIL.COM');                 INSERT INTO doctor_has_email (doctor_iddoctor, email_idemail) VALUES (153,1946);            INSERT INTO email (idemail, email) VALUES (1947, 'SIN CORREO');                 INSERT INTO doctor_has_email (doctor_iddoctor, email_idemail) VALUES (153,1947);            INSERT INTO email (idemail, email) VALUES (1948, 'SIN CORREO');                 INSERT INTO doctor_has_email (doctor_iddoctor, email_idemail) VALUES (153,1948);            COMMIT;            ROLLBACK;
BEGIN;             INSERT INTO doctor (iddoctor, nombre, descripcion, forma_atender, estado)             VALUES (154,'IGNACIO FAUNDEZ','(SIN OBSERVACION)','DOCTOR','ACTIVO');            INSERT INTO email (idemail, email) VALUES (1949, 'PRISMA.TALCA@GMAIL.COM');                 INSERT INTO doctor_has_email (doctor_iddoctor, email_idemail) VALUES (154,1949);            INSERT INTO email (idemail, email) VALUES (1950, 'SIN CORREO');                 INSERT INTO doctor_has_email (doctor_iddoctor, email_idemail) VALUES (154,1950);            INSERT INTO email (idemail, email) VALUES (1951, 'SIN CORREO');                 INSERT INTO doctor_has_email (doctor_iddoctor, email_idemail) VALUES (154,1951);            COMMIT;            ROLLBACK;
BEGIN;             INSERT INTO doctor (iddoctor, nombre, descripcion, forma_atender, estado)             VALUES (155,'IGNACIO ROA HENRIQUEZ','(SIN OBSERVACION)','DOCTOR','ACTIVO');            INSERT INTO email (idemail, email) VALUES (1952, 'IROAHENRIQUEZ@GMAIL.COM');                 INSERT INTO doctor_has_email (doctor_iddoctor, email_idemail) VALUES (155,1952);            INSERT INTO email (idemail, email) VALUES (1953, 'SIN CORREO');                 INSERT INTO doctor_has_email (doctor_iddoctor, email_idemail) VALUES (155,1953);            INSERT INTO email (idemail, email) VALUES (1954, 'SIN CORREO');                 INSERT INTO doctor_has_email (doctor_iddoctor, email_idemail) VALUES (155,1954);            COMMIT;            ROLLBACK;
BEGIN;             INSERT INTO doctor (iddoctor, nombre, descripcion, forma_atender, estado)             VALUES (156,'IGNACIO RUIZ','(SIN OBSERVACION)','DOCTOR','ACTIVO');            INSERT INTO email (idemail, email) VALUES (1955, 'CLINICADENTALMEDDENT@GMAIL.COM');                 INSERT INTO doctor_has_email (doctor_iddoctor, email_idemail) VALUES (156,1955);            INSERT INTO email (idemail, email) VALUES (1956, 'SIN CORREO');                 INSERT INTO doctor_has_email (doctor_iddoctor, email_idemail) VALUES (156,1956);            INSERT INTO email (idemail, email) VALUES (1957, 'SIN CORREO');                 INSERT INTO doctor_has_email (doctor_iddoctor, email_idemail) VALUES (156,1957);            COMMIT;            ROLLBACK;
BEGIN;             INSERT INTO doctor (iddoctor, nombre, descripcion, forma_atender, estado)             VALUES (157,'IGNACIO URBINA','(SIN OBSERVACION)','DOCTOR','ACTIVO');            INSERT INTO email (idemail, email) VALUES (1958, 'I.URBINA.MARISIO@HOTMAIL.COM');                 INSERT INTO doctor_has_email (doctor_iddoctor, email_idemail) VALUES (157,1958);            INSERT INTO email (idemail, email) VALUES (1959, 'SIN CORREO');                 INSERT INTO doctor_has_email (doctor_iddoctor, email_idemail) VALUES (157,1959);            INSERT INTO email (idemail, email) VALUES (1960, 'SIN CORREO');                 INSERT INTO doctor_has_email (doctor_iddoctor, email_idemail) VALUES (157,1960);            COMMIT;            ROLLBACK;
BEGIN;             INSERT INTO doctor (iddoctor, nombre, descripcion, forma_atender, estado)             VALUES (158,'ISKRA COX','(SIN OBSERVACION)','DOCTOR','ACTIVO');            INSERT INTO email (idemail, email) VALUES (1961, 'ISKRACOX@GMAIL.COM');                 INSERT INTO doctor_has_email (doctor_iddoctor, email_idemail) VALUES (158,1961);            INSERT INTO email (idemail, email) VALUES (1962, 'SIN CORREO');                 INSERT INTO doctor_has_email (doctor_iddoctor, email_idemail) VALUES (158,1962);            INSERT INTO email (idemail, email) VALUES (1963, 'SIN CORREO');                 INSERT INTO doctor_has_email (doctor_iddoctor, email_idemail) VALUES (158,1963);            COMMIT;            ROLLBACK;
BEGIN;             INSERT INTO doctor (iddoctor, nombre, descripcion, forma_atender, estado)             VALUES (159,'IVETTE ESCALONA','(SIN OBSERVACION)','DOCTOR','ACTIVO');            INSERT INTO email (idemail, email) VALUES (1964, 'CLINICACASTROCONTARDO@GMAIL.COM');                 INSERT INTO doctor_has_email (doctor_iddoctor, email_idemail) VALUES (159,1964);            INSERT INTO email (idemail, email) VALUES (1965, 'SIN CORREO');                 INSERT INTO doctor_has_email (doctor_iddoctor, email_idemail) VALUES (159,1965);            INSERT INTO email (idemail, email) VALUES (1966, 'SIN CORREO');                 INSERT INTO doctor_has_email (doctor_iddoctor, email_idemail) VALUES (159,1966);            COMMIT;            ROLLBACK;
BEGIN;             INSERT INTO doctor (iddoctor, nombre, descripcion, forma_atender, estado)             VALUES (160,'JAIME JACQUES','(SIN OBSERVACION)','DOCTOR','ACTIVO');            INSERT INTO email (idemail, email) VALUES (1967, 'JAIME.JACQUES@AYEN.CL');                 INSERT INTO doctor_has_email (doctor_iddoctor, email_idemail) VALUES (160,1967);            INSERT INTO email (idemail, email) VALUES (1968, 'SIN CORREO');                 INSERT INTO doctor_has_email (doctor_iddoctor, email_idemail) VALUES (160,1968);            INSERT INTO email (idemail, email) VALUES (1969, 'SIN CORREO');                 INSERT INTO doctor_has_email (doctor_iddoctor, email_idemail) VALUES (160,1969);            COMMIT;            ROLLBACK;
BEGIN;             INSERT INTO doctor (iddoctor, nombre, descripcion, forma_atender, estado)             VALUES (161,'JAIME LOPEZ','(SIN OBSERVACION)','DOCTOR','ACTIVO');            INSERT INTO email (idemail, email) VALUES (1970, 'JLOPEZ64@GMAIL.COM');                 INSERT INTO doctor_has_email (doctor_iddoctor, email_idemail) VALUES (161,1970);            INSERT INTO email (idemail, email) VALUES (1971, 'SIN CORREO');                 INSERT INTO doctor_has_email (doctor_iddoctor, email_idemail) VALUES (161,1971);            INSERT INTO email (idemail, email) VALUES (1972, 'SIN CORREO');                 INSERT INTO doctor_has_email (doctor_iddoctor, email_idemail) VALUES (161,1972);            COMMIT;            ROLLBACK;
BEGIN;             INSERT INTO doctor (iddoctor, nombre, descripcion, forma_atender, estado)             VALUES (162,'JAVIER BRIONES','(SE ENVIA AL MAIL SEGÚN LA ORDEN)','DOCTOR','ACTIVO');            INSERT INTO email (idemail, email) VALUES (1973, 'JAVIERBRIONES7@GMAIL.COM');                 INSERT INTO doctor_has_email (doctor_iddoctor, email_idemail) VALUES (162,1973);            INSERT INTO email (idemail, email) VALUES (1974, 'RAYOS.LUMINA@GMAIL.COM');                 INSERT INTO doctor_has_email (doctor_iddoctor, email_idemail) VALUES (162,1974);            INSERT INTO email (idemail, email) VALUES (1975, 'SIN CORREO');                 INSERT INTO doctor_has_email (doctor_iddoctor, email_idemail) VALUES (162,1975);            COMMIT;            ROLLBACK;
BEGIN;             INSERT INTO doctor (iddoctor, nombre, descripcion, forma_atender, estado)             VALUES (163,'JAVIER BRITO','(SIN OBSERVACION)','DOCTOR','ACTIVO');            INSERT INTO email (idemail, email) VALUES (1976, 'JA_BRITO@HOTMAIL.COM');                 INSERT INTO doctor_has_email (doctor_iddoctor, email_idemail) VALUES (163,1976);            INSERT INTO email (idemail, email) VALUES (1977, 'SIN CORREO');                 INSERT INTO doctor_has_email (doctor_iddoctor, email_idemail) VALUES (163,1977);            INSERT INTO email (idemail, email) VALUES (1978, 'SIN CORREO');                 INSERT INTO doctor_has_email (doctor_iddoctor, email_idemail) VALUES (163,1978);            COMMIT;            ROLLBACK;
BEGIN;             INSERT INTO doctor (iddoctor, nombre, descripcion, forma_atender, estado)             VALUES (164,'JAVIER MALDONADO','(SIN OBSERVACION)','DOCTOR','ACTIVO');            INSERT INTO email (idemail, email) VALUES (1979, 'DR.JAVIERMALDONADO.S@GMAIL.COM');                 INSERT INTO doctor_has_email (doctor_iddoctor, email_idemail) VALUES (164,1979);            INSERT INTO email (idemail, email) VALUES (1980, 'SIN CORREO');                 INSERT INTO doctor_has_email (doctor_iddoctor, email_idemail) VALUES (164,1980);            INSERT INTO email (idemail, email) VALUES (1981, 'SIN CORREO');                 INSERT INTO doctor_has_email (doctor_iddoctor, email_idemail) VALUES (164,1981);            COMMIT;            ROLLBACK;
BEGIN;             INSERT INTO doctor (iddoctor, nombre, descripcion, forma_atender, estado)             VALUES (165,'JAVIER SANZ','(SIN OBSERVACION)','DOCTOR','ACTIVO');            INSERT INTO email (idemail, email) VALUES (1982, 'DENTALMAGISTERIO@GMAIL.COM');                 INSERT INTO doctor_has_email (doctor_iddoctor, email_idemail) VALUES (165,1982);            INSERT INTO email (idemail, email) VALUES (1983, 'SIN CORREO');                 INSERT INTO doctor_has_email (doctor_iddoctor, email_idemail) VALUES (165,1983);            INSERT INTO email (idemail, email) VALUES (1984, 'SIN CORREO');                 INSERT INTO doctor_has_email (doctor_iddoctor, email_idemail) VALUES (165,1984);            COMMIT;            ROLLBACK;
BEGIN;             INSERT INTO doctor (iddoctor, nombre, descripcion, forma_atender, estado)             VALUES (166,'JAVIER VERGARA','(SIN OBSERVACION)','DOCTOR','ACTIVO');            INSERT INTO email (idemail, email) VALUES (1985, 'ANDESDENTALCURICO@GMAIL.COM');                 INSERT INTO doctor_has_email (doctor_iddoctor, email_idemail) VALUES (166,1985);            INSERT INTO email (idemail, email) VALUES (1986, 'SIN CORREO');                 INSERT INTO doctor_has_email (doctor_iddoctor, email_idemail) VALUES (166,1986);            INSERT INTO email (idemail, email) VALUES (1987, 'SIN CORREO');                 INSERT INTO doctor_has_email (doctor_iddoctor, email_idemail) VALUES (166,1987);            COMMIT;            ROLLBACK;
BEGIN;             INSERT INTO doctor (iddoctor, nombre, descripcion, forma_atender, estado)             VALUES (167,'JAVIERA CARREÑO','(SIN OBSERVACION)','DOCTOR','ACTIVO');            INSERT INTO email (idemail, email) VALUES (1988, 'RAYOS@MYCLINIC.CL');                 INSERT INTO doctor_has_email (doctor_iddoctor, email_idemail) VALUES (167,1988);            INSERT INTO email (idemail, email) VALUES (1989, 'SIN CORREO');                 INSERT INTO doctor_has_email (doctor_iddoctor, email_idemail) VALUES (167,1989);            INSERT INTO email (idemail, email) VALUES (1990, 'SIN CORREO');                 INSERT INTO doctor_has_email (doctor_iddoctor, email_idemail) VALUES (167,1990);            COMMIT;            ROLLBACK;
BEGIN;             INSERT INTO doctor (iddoctor, nombre, descripcion, forma_atender, estado)             VALUES (168,'JAVIERA CASTILLO','(SIN OBSERVACION)','DOCTOR','ACTIVO');            INSERT INTO email (idemail, email) VALUES (1991, 'CLINICADENTALBOREAL@GMAIL.COM');                 INSERT INTO doctor_has_email (doctor_iddoctor, email_idemail) VALUES (168,1991);            INSERT INTO email (idemail, email) VALUES (1992, 'SIN CORREO');                 INSERT INTO doctor_has_email (doctor_iddoctor, email_idemail) VALUES (168,1992);            INSERT INTO email (idemail, email) VALUES (1993, 'SIN CORREO');                 INSERT INTO doctor_has_email (doctor_iddoctor, email_idemail) VALUES (168,1993);            COMMIT;            ROLLBACK;
BEGIN;             INSERT INTO doctor (iddoctor, nombre, descripcion, forma_atender, estado)             VALUES (169,'JAVIERA CORREA','(SIN OBSERVACION)','DOCTOR','ACTIVO');            INSERT INTO email (idemail, email) VALUES (1994, 'JAVI.CORREA@GMAIL.COM');                 INSERT INTO doctor_has_email (doctor_iddoctor, email_idemail) VALUES (169,1994);            INSERT INTO email (idemail, email) VALUES (1995, 'SIN CORREO');                 INSERT INTO doctor_has_email (doctor_iddoctor, email_idemail) VALUES (169,1995);            INSERT INTO email (idemail, email) VALUES (1996, 'SIN CORREO');                 INSERT INTO doctor_has_email (doctor_iddoctor, email_idemail) VALUES (169,1996);            COMMIT;            ROLLBACK;
BEGIN;             INSERT INTO doctor (iddoctor, nombre, descripcion, forma_atender, estado)             VALUES (170,'JAVIERA CORREA CANALES','(SIN OBSERVACION)','DOCTOR','ACTIVO');            INSERT INTO email (idemail, email) VALUES (1997, 'JAVIERACORREACANALES@GMAIL.COM');                 INSERT INTO doctor_has_email (doctor_iddoctor, email_idemail) VALUES (170,1997);            INSERT INTO email (idemail, email) VALUES (1998, 'SIN CORREO');                 INSERT INTO doctor_has_email (doctor_iddoctor, email_idemail) VALUES (170,1998);            INSERT INTO email (idemail, email) VALUES (1999, 'SIN CORREO');                 INSERT INTO doctor_has_email (doctor_iddoctor, email_idemail) VALUES (170,1999);            COMMIT;            ROLLBACK;
BEGIN;             INSERT INTO doctor (iddoctor, nombre, descripcion, forma_atender, estado)             VALUES (171,'JAVIERA LAMA','(SE ENVIA AL MAIL SEGÚN LA ORDEN)','DOCTOR','ACTIVO');            INSERT INTO email (idemail, email) VALUES (2000, 'CLINICADENTALAPEX@GMAIL.COM');                 INSERT INTO doctor_has_email (doctor_iddoctor, email_idemail) VALUES (171,2000);            INSERT INTO email (idemail, email) VALUES (2001, 'JAVIERALAMA.AREVALO@GMAIL.COM');                 INSERT INTO doctor_has_email (doctor_iddoctor, email_idemail) VALUES (171,2001);            INSERT INTO email (idemail, email) VALUES (2002, 'SIN CORREO');                 INSERT INTO doctor_has_email (doctor_iddoctor, email_idemail) VALUES (171,2002);            COMMIT;            ROLLBACK;
BEGIN;             INSERT INTO doctor (iddoctor, nombre, descripcion, forma_atender, estado)             VALUES (172,'JAVIERA MANCILLA','(SIN OBSERVACION)','DOCTOR','ACTIVO');            INSERT INTO email (idemail, email) VALUES (2003, 'DRAJAVIERAMANCILLA@GMAIL.COM');                 INSERT INTO doctor_has_email (doctor_iddoctor, email_idemail) VALUES (172,2003);            INSERT INTO email (idemail, email) VALUES (2004, 'SIN CORREO');                 INSERT INTO doctor_has_email (doctor_iddoctor, email_idemail) VALUES (172,2004);            INSERT INTO email (idemail, email) VALUES (2005, 'SIN CORREO');                 INSERT INTO doctor_has_email (doctor_iddoctor, email_idemail) VALUES (172,2005);            COMMIT;            ROLLBACK;
BEGIN;             INSERT INTO doctor (iddoctor, nombre, descripcion, forma_atender, estado)             VALUES (173,'JAVIERA TORRES','(SIN OBSERVACION)','DOCTOR','ACTIVO');            INSERT INTO email (idemail, email) VALUES (2006, 'JAVIMERARI@GMAIL.COM');                 INSERT INTO doctor_has_email (doctor_iddoctor, email_idemail) VALUES (173,2006);            INSERT INTO email (idemail, email) VALUES (2007, 'SIN CORREO');                 INSERT INTO doctor_has_email (doctor_iddoctor, email_idemail) VALUES (173,2007);            INSERT INTO email (idemail, email) VALUES (2008, 'SIN CORREO');                 INSERT INTO doctor_has_email (doctor_iddoctor, email_idemail) VALUES (173,2008);            COMMIT;            ROLLBACK;
BEGIN;             INSERT INTO doctor (iddoctor, nombre, descripcion, forma_atender, estado)             VALUES (174,'JEAN PAUL MORELL','(SIN OBSERVACION)','DOCTOR','ACTIVO');            INSERT INTO email (idemail, email) VALUES (2009, 'JEANPAUL.MC@GMAIL.COM');                 INSERT INTO doctor_has_email (doctor_iddoctor, email_idemail) VALUES (174,2009);            INSERT INTO email (idemail, email) VALUES (2010, 'SIN CORREO');                 INSERT INTO doctor_has_email (doctor_iddoctor, email_idemail) VALUES (174,2010);            INSERT INTO email (idemail, email) VALUES (2011, 'SIN CORREO');                 INSERT INTO doctor_has_email (doctor_iddoctor, email_idemail) VALUES (174,2011);            COMMIT;            ROLLBACK;
BEGIN;             INSERT INTO doctor (iddoctor, nombre, descripcion, forma_atender, estado)             VALUES (175,'JESSICA NIKLITSCHEK','(SIN OBSERVACION)','DOCTOR','ACTIVO');            INSERT INTO email (idemail, email) VALUES (2012, 'CONTACTO@VIAMEDICAL.CL');                 INSERT INTO doctor_has_email (doctor_iddoctor, email_idemail) VALUES (175,2012);            INSERT INTO email (idemail, email) VALUES (2013, 'SIN CORREO');                 INSERT INTO doctor_has_email (doctor_iddoctor, email_idemail) VALUES (175,2013);            INSERT INTO email (idemail, email) VALUES (2014, 'SIN CORREO');                 INSERT INTO doctor_has_email (doctor_iddoctor, email_idemail) VALUES (175,2014);            COMMIT;            ROLLBACK;
BEGIN;             INSERT INTO doctor (iddoctor, nombre, descripcion, forma_atender, estado)             VALUES (176,'JESUS SALINAS','(SE ENVIA AL MAIL SEGÚN LA ORDEN)','DOCTOR','ACTIVO');            INSERT INTO email (idemail, email) VALUES (2015, 'JESALINASRODRIGUEZ@GMAIL.COM');                 INSERT INTO doctor_has_email (doctor_iddoctor, email_idemail) VALUES (176,2015);            INSERT INTO email (idemail, email) VALUES (2016, 'RXCESFAMLAFLORIDA@GMAIL.COM');                 INSERT INTO doctor_has_email (doctor_iddoctor, email_idemail) VALUES (176,2016);            INSERT INTO email (idemail, email) VALUES (2017, 'SIN CORREO');                 INSERT INTO doctor_has_email (doctor_iddoctor, email_idemail) VALUES (176,2017);            COMMIT;            ROLLBACK;
BEGIN;             INSERT INTO doctor (iddoctor, nombre, descripcion, forma_atender, estado)             VALUES (177,'JESUS SUSARRA','(SIN OBSERVACION)','DOCTOR','ACTIVO');            INSERT INTO email (idemail, email) VALUES (2018, 'RX@ODONTOIMAGEN.CL');                 INSERT INTO doctor_has_email (doctor_iddoctor, email_idemail) VALUES (177,2018);            INSERT INTO email (idemail, email) VALUES (2019, 'SIN CORREO');                 INSERT INTO doctor_has_email (doctor_iddoctor, email_idemail) VALUES (177,2019);            INSERT INTO email (idemail, email) VALUES (2020, 'SIN CORREO');                 INSERT INTO doctor_has_email (doctor_iddoctor, email_idemail) VALUES (177,2020);            COMMIT;            ROLLBACK;
BEGIN;             INSERT INTO doctor (iddoctor, nombre, descripcion, forma_atender, estado)             VALUES (178,'JOAQUIN POBLETE','(SIN OBSERVACION)','DOCTOR','ACTIVO');            INSERT INTO email (idemail, email) VALUES (2021, 'POBLETE.JOAQUIN@GMAIL.COM');                 INSERT INTO doctor_has_email (doctor_iddoctor, email_idemail) VALUES (178,2021);            INSERT INTO email (idemail, email) VALUES (2022, 'SIN CORREO');                 INSERT INTO doctor_has_email (doctor_iddoctor, email_idemail) VALUES (178,2022);            INSERT INTO email (idemail, email) VALUES (2023, 'SIN CORREO');                 INSERT INTO doctor_has_email (doctor_iddoctor, email_idemail) VALUES (178,2023);            COMMIT;            ROLLBACK;
BEGIN;             INSERT INTO doctor (iddoctor, nombre, descripcion, forma_atender, estado)             VALUES (179,'JORGE CANALES ESPINOZA','(SE ENVIA AL MAIL SEGÚN LA ORDEN)','DOCTOR','ACTIVO');            INSERT INTO email (idemail, email) VALUES (2024, 'CANALESORTODONCIA@GMAIL.COM');                 INSERT INTO doctor_has_email (doctor_iddoctor, email_idemail) VALUES (179,2024);            INSERT INTO email (idemail, email) VALUES (2025, 'JORGECANALESESPINOZA@GMAIL.COM');                 INSERT INTO doctor_has_email (doctor_iddoctor, email_idemail) VALUES (179,2025);            INSERT INTO email (idemail, email) VALUES (2026, 'CONTACTO@CLINICAODO.CL');                 INSERT INTO doctor_has_email (doctor_iddoctor, email_idemail) VALUES (179,2026);            COMMIT;            ROLLBACK;
BEGIN;             INSERT INTO doctor (iddoctor, nombre, descripcion, forma_atender, estado)             VALUES (180,'JORGE ROCO','(SIN OBSERVACION)','DOCTOR','ACTIVO');            INSERT INTO email (idemail, email) VALUES (2027, 'ROZASYROCORX@GMAIL.COM');                 INSERT INTO doctor_has_email (doctor_iddoctor, email_idemail) VALUES (180,2027);            INSERT INTO email (idemail, email) VALUES (2028, 'SIN CORREO');                 INSERT INTO doctor_has_email (doctor_iddoctor, email_idemail) VALUES (180,2028);            INSERT INTO email (idemail, email) VALUES (2029, 'SIN CORREO');                 INSERT INTO doctor_has_email (doctor_iddoctor, email_idemail) VALUES (180,2029);            COMMIT;            ROLLBACK;
BEGIN;             INSERT INTO doctor (iddoctor, nombre, descripcion, forma_atender, estado)             VALUES (181,'JORGE SOTO CONTRERAS','(SIN OBSERVACION)','DOCTOR','ACTIVO');            INSERT INTO email (idemail, email) VALUES (2030, 'JSOTOC.DENTAL@GMAIL.COM');                 INSERT INTO doctor_has_email (doctor_iddoctor, email_idemail) VALUES (181,2030);            INSERT INTO email (idemail, email) VALUES (2031, 'SIN CORREO');                 INSERT INTO doctor_has_email (doctor_iddoctor, email_idemail) VALUES (181,2031);            INSERT INTO email (idemail, email) VALUES (2032, 'SIN CORREO');                 INSERT INTO doctor_has_email (doctor_iddoctor, email_idemail) VALUES (181,2032);            COMMIT;            ROLLBACK;
BEGIN;             INSERT INTO doctor (iddoctor, nombre, descripcion, forma_atender, estado)             VALUES (182,'JOSE ALFARO','(SIN OBSERVACION)','DOCTOR','ACTIVO');            INSERT INTO email (idemail, email) VALUES (2033, 'DENTALSOFT@YAHOO.COM');                 INSERT INTO doctor_has_email (doctor_iddoctor, email_idemail) VALUES (182,2033);            INSERT INTO email (idemail, email) VALUES (2034, 'SIN CORREO');                 INSERT INTO doctor_has_email (doctor_iddoctor, email_idemail) VALUES (182,2034);            INSERT INTO email (idemail, email) VALUES (2035, 'SIN CORREO');                 INSERT INTO doctor_has_email (doctor_iddoctor, email_idemail) VALUES (182,2035);            COMMIT;            ROLLBACK;
BEGIN;             INSERT INTO doctor (iddoctor, nombre, descripcion, forma_atender, estado)             VALUES (183,'JOSÉ CASTAÑOS ORÓSTICA','(SIN OBSERVACION)','DOCTOR','ACTIVO');            INSERT INTO email (idemail, email) VALUES (2036, 'JOSEGUILLERMOCAS@YAHOO.ES');                 INSERT INTO doctor_has_email (doctor_iddoctor, email_idemail) VALUES (183,2036);            INSERT INTO email (idemail, email) VALUES (2037, 'SIN CORREO');                 INSERT INTO doctor_has_email (doctor_iddoctor, email_idemail) VALUES (183,2037);            INSERT INTO email (idemail, email) VALUES (2038, 'SIN CORREO');                 INSERT INTO doctor_has_email (doctor_iddoctor, email_idemail) VALUES (183,2038);            COMMIT;            ROLLBACK;
BEGIN;             INSERT INTO doctor (iddoctor, nombre, descripcion, forma_atender, estado)             VALUES (184,'JOSÉ FRANCISCO RODRÍGUEZ','(SIN OBSERVACION)','DOCTOR','ACTIVO');            INSERT INTO email (idemail, email) VALUES (2039, 'J.RZDENT@GMAIL.COM');                 INSERT INTO doctor_has_email (doctor_iddoctor, email_idemail) VALUES (184,2039);            INSERT INTO email (idemail, email) VALUES (2040, 'SIN CORREO');                 INSERT INTO doctor_has_email (doctor_iddoctor, email_idemail) VALUES (184,2040);            INSERT INTO email (idemail, email) VALUES (2041, 'SIN CORREO');                 INSERT INTO doctor_has_email (doctor_iddoctor, email_idemail) VALUES (184,2041);            COMMIT;            ROLLBACK;
BEGIN;             INSERT INTO doctor (iddoctor, nombre, descripcion, forma_atender, estado)             VALUES (185,'JOSE GONZALEZ SERRANO','(SIN OBSERVACION)','DOCTOR','ACTIVO');            INSERT INTO email (idemail, email) VALUES (2042, 'RADIODENTAL.99@GMAIL.COM');                 INSERT INTO doctor_has_email (doctor_iddoctor, email_idemail) VALUES (185,2042);            INSERT INTO email (idemail, email) VALUES (2043, 'SIN CORREO');                 INSERT INTO doctor_has_email (doctor_iddoctor, email_idemail) VALUES (185,2043);            INSERT INTO email (idemail, email) VALUES (2044, 'SIN CORREO');                 INSERT INTO doctor_has_email (doctor_iddoctor, email_idemail) VALUES (185,2044);            COMMIT;            ROLLBACK;
BEGIN;             INSERT INTO doctor (iddoctor, nombre, descripcion, forma_atender, estado)             VALUES (186,'JOSÉ LUIS CERDA','(SIN OBSERVACION)','DOCTOR','ACTIVO');            INSERT INTO email (idemail, email) VALUES (2045, 'JOSELUISCERDA@GMAIL.COM');                 INSERT INTO doctor_has_email (doctor_iddoctor, email_idemail) VALUES (186,2045);            INSERT INTO email (idemail, email) VALUES (2046, 'SIN CORREO');                 INSERT INTO doctor_has_email (doctor_iddoctor, email_idemail) VALUES (186,2046);            INSERT INTO email (idemail, email) VALUES (2047, 'SIN CORREO');                 INSERT INTO doctor_has_email (doctor_iddoctor, email_idemail) VALUES (186,2047);            COMMIT;            ROLLBACK;
BEGIN;             INSERT INTO doctor (iddoctor, nombre, descripcion, forma_atender, estado)             VALUES (187,'JOSE MORAGA','(SIN OBSERVACION)','DOCTOR','ACTIVO');            INSERT INTO email (idemail, email) VALUES (2048, 'JOSE.MORAGAG@GMAIL.COM');                 INSERT INTO doctor_has_email (doctor_iddoctor, email_idemail) VALUES (187,2048);            INSERT INTO email (idemail, email) VALUES (2049, 'CIMA.ODONTOINTEGRAL@GMAIL.COM');                 INSERT INTO doctor_has_email (doctor_iddoctor, email_idemail) VALUES (187,2049);            INSERT INTO email (idemail, email) VALUES (2050, 'SIN CORREO');                 INSERT INTO doctor_has_email (doctor_iddoctor, email_idemail) VALUES (187,2050);            COMMIT;            ROLLBACK;
BEGIN;             INSERT INTO doctor (iddoctor, nombre, descripcion, forma_atender, estado)             VALUES (188,'JOSE PACHECO','(SIN OBSERVACION)','DOCTOR','ACTIVO');            INSERT INTO email (idemail, email) VALUES (2051, 'RXEDENSPADENTAL@GMAIL.COM');                 INSERT INTO doctor_has_email (doctor_iddoctor, email_idemail) VALUES (188,2051);            INSERT INTO email (idemail, email) VALUES (2052, 'SIN CORREO');                 INSERT INTO doctor_has_email (doctor_iddoctor, email_idemail) VALUES (188,2052);            INSERT INTO email (idemail, email) VALUES (2053, 'SIN CORREO');                 INSERT INTO doctor_has_email (doctor_iddoctor, email_idemail) VALUES (188,2053);            COMMIT;            ROLLBACK;
BEGIN;             INSERT INTO doctor (iddoctor, nombre, descripcion, forma_atender, estado)             VALUES (189,'JOSE PEÑA MORAGA','(SIN OBSERVACION)','DOCTOR','ACTIVO');            INSERT INTO email (idemail, email) VALUES (2054, 'RADIOGRAFIASDOCTORJPP@GMAIL.COM');                 INSERT INTO doctor_has_email (doctor_iddoctor, email_idemail) VALUES (189,2054);            INSERT INTO email (idemail, email) VALUES (2055, 'SIN CORREO');                 INSERT INTO doctor_has_email (doctor_iddoctor, email_idemail) VALUES (189,2055);            INSERT INTO email (idemail, email) VALUES (2056, 'SIN CORREO');                 INSERT INTO doctor_has_email (doctor_iddoctor, email_idemail) VALUES (189,2056);            COMMIT;            ROLLBACK;
BEGIN;             INSERT INTO doctor (iddoctor, nombre, descripcion, forma_atender, estado)             VALUES (190,'JOSE ROBERTO RIOS','(SIN OBSERVACION)','DOCTOR','ACTIVO');            INSERT INTO email (idemail, email) VALUES (2057, 'DENTAL@SALUDPELARCO.CL');                 INSERT INTO doctor_has_email (doctor_iddoctor, email_idemail) VALUES (190,2057);            INSERT INTO email (idemail, email) VALUES (2058, 'SIN CORREO');                 INSERT INTO doctor_has_email (doctor_iddoctor, email_idemail) VALUES (190,2058);            INSERT INTO email (idemail, email) VALUES (2059, 'SIN CORREO');                 INSERT INTO doctor_has_email (doctor_iddoctor, email_idemail) VALUES (190,2059);            COMMIT;            ROLLBACK;
BEGIN;             INSERT INTO doctor (iddoctor, nombre, descripcion, forma_atender, estado)             VALUES (191,'JUAN ARAVENA','(SE DEBE ENVIAR A AMBOS CORREOS)','DOCTOR','ACTIVO');            INSERT INTO email (idemail, email) VALUES (2060, 'ZARORTODONCIA@HOTMAIL.COM');                 INSERT INTO doctor_has_email (doctor_iddoctor, email_idemail) VALUES (191,2060);            INSERT INTO email (idemail, email) VALUES (2061, 'ODONTOLOGICOSINTEGRALES@HOTMAIL.COM');                 INSERT INTO doctor_has_email (doctor_iddoctor, email_idemail) VALUES (191,2061);            INSERT INTO email (idemail, email) VALUES (2062, 'SIN CORREO');                 INSERT INTO doctor_has_email (doctor_iddoctor, email_idemail) VALUES (191,2062);            COMMIT;            ROLLBACK;
BEGIN;             INSERT INTO doctor (iddoctor, nombre, descripcion, forma_atender, estado)             VALUES (192,'JUAN FRANCISCO DOMÍNGUEZ','(SIN OBSERVACION)','DOCTOR','ACTIVO');            INSERT INTO email (idemail, email) VALUES (2063, 'JUANFRAD@GMAIL.COM');                 INSERT INTO doctor_has_email (doctor_iddoctor, email_idemail) VALUES (192,2063);            INSERT INTO email (idemail, email) VALUES (2064, 'SIN CORREO');                 INSERT INTO doctor_has_email (doctor_iddoctor, email_idemail) VALUES (192,2064);            INSERT INTO email (idemail, email) VALUES (2065, 'SIN CORREO');                 INSERT INTO doctor_has_email (doctor_iddoctor, email_idemail) VALUES (192,2065);            COMMIT;            ROLLBACK;
BEGIN;             INSERT INTO doctor (iddoctor, nombre, descripcion, forma_atender, estado)             VALUES (193,'JUAN IGNACIO DEL RIO','(SE ENVIA AL MAIL SEGÚN LA ORDEN)','DOCTOR','ACTIVO');            INSERT INTO email (idemail, email) VALUES (2066, 'RX.ODONTOESTUDIOTALCA@GMAIL.COM');                 INSERT INTO doctor_has_email (doctor_iddoctor, email_idemail) VALUES (193,2066);            INSERT INTO email (idemail, email) VALUES (2067, 'JUANIGNACIO.DELRIO@GMAIL.COM');                 INSERT INTO doctor_has_email (doctor_iddoctor, email_idemail) VALUES (193,2067);            INSERT INTO email (idemail, email) VALUES (2068, 'SIN CORREO');                 INSERT INTO doctor_has_email (doctor_iddoctor, email_idemail) VALUES (193,2068);            COMMIT;            ROLLBACK;
BEGIN;             INSERT INTO doctor (iddoctor, nombre, descripcion, forma_atender, estado)             VALUES (194,'JUAN JESÚS PRIETO','(SE ENVIA AL MAIL SEGÚN LA ORDEN)','DOCTOR','ACTIVO');            INSERT INTO email (idemail, email) VALUES (2069, 'JJPRIETO@CREOSALUD.COM');                 INSERT INTO doctor_has_email (doctor_iddoctor, email_idemail) VALUES (194,2069);            INSERT INTO email (idemail, email) VALUES (2070, 'JJPRIETO@GMAIL.COM');                 INSERT INTO doctor_has_email (doctor_iddoctor, email_idemail) VALUES (194,2070);            INSERT INTO email (idemail, email) VALUES (2071, 'SIN CORREO');                 INSERT INTO doctor_has_email (doctor_iddoctor, email_idemail) VALUES (194,2071);            COMMIT;            ROLLBACK;
BEGIN;             INSERT INTO doctor (iddoctor, nombre, descripcion, forma_atender, estado)             VALUES (195,'JUAN PABLO AGUILERA','(SIN OBSERVACION)','DOCTOR','ACTIVO');            INSERT INTO email (idemail, email) VALUES (2072, 'JP.AGUILERABAEZA@GMAIL.COM');                 INSERT INTO doctor_has_email (doctor_iddoctor, email_idemail) VALUES (195,2072);            INSERT INTO email (idemail, email) VALUES (2073, 'SIN CORREO');                 INSERT INTO doctor_has_email (doctor_iddoctor, email_idemail) VALUES (195,2073);            INSERT INTO email (idemail, email) VALUES (2074, 'SIN CORREO');                 INSERT INTO doctor_has_email (doctor_iddoctor, email_idemail) VALUES (195,2074);            COMMIT;            ROLLBACK;
BEGIN;             INSERT INTO doctor (iddoctor, nombre, descripcion, forma_atender, estado)             VALUES (196,'JUAN PABLO FERRI','(SIN OBSERVACION)','DOCTOR','ACTIVO');            INSERT INTO email (idemail, email) VALUES (2075, 'MIAORTODONCIAYESTETICA@GMAIL.COM');                 INSERT INTO doctor_has_email (doctor_iddoctor, email_idemail) VALUES (196,2075);            INSERT INTO email (idemail, email) VALUES (2076, 'SIN CORREO');                 INSERT INTO doctor_has_email (doctor_iddoctor, email_idemail) VALUES (196,2076);            INSERT INTO email (idemail, email) VALUES (2077, 'SIN CORREO');                 INSERT INTO doctor_has_email (doctor_iddoctor, email_idemail) VALUES (196,2077);            COMMIT;            ROLLBACK;
BEGIN;             INSERT INTO doctor (iddoctor, nombre, descripcion, forma_atender, estado)             VALUES (197,'JUAN PABLO JARA','(SIN OBSERVACION)','DOCTOR','ACTIVO');            INSERT INTO email (idemail, email) VALUES (2078, 'JUANPABLO.JARAARQUEROS@GMAIL.COM');                 INSERT INTO doctor_has_email (doctor_iddoctor, email_idemail) VALUES (197,2078);            INSERT INTO email (idemail, email) VALUES (2079, 'SIN CORREO');                 INSERT INTO doctor_has_email (doctor_iddoctor, email_idemail) VALUES (197,2079);            INSERT INTO email (idemail, email) VALUES (2080, 'SIN CORREO');                 INSERT INTO doctor_has_email (doctor_iddoctor, email_idemail) VALUES (197,2080);            COMMIT;            ROLLBACK;
BEGIN;             INSERT INTO doctor (iddoctor, nombre, descripcion, forma_atender, estado)             VALUES (198,'JUAN PABLO OCHOA','(SIN OBSERVACION)','DOCTOR','ACTIVO');            INSERT INTO email (idemail, email) VALUES (2081, 'JPOCHOAQ@GMAIL.COM');                 INSERT INTO doctor_has_email (doctor_iddoctor, email_idemail) VALUES (198,2081);            INSERT INTO email (idemail, email) VALUES (2082, 'SIN CORREO');                 INSERT INTO doctor_has_email (doctor_iddoctor, email_idemail) VALUES (198,2082);            INSERT INTO email (idemail, email) VALUES (2083, 'SIN CORREO');                 INSERT INTO doctor_has_email (doctor_iddoctor, email_idemail) VALUES (198,2083);            COMMIT;            ROLLBACK;
BEGIN;             INSERT INTO doctor (iddoctor, nombre, descripcion, forma_atender, estado)             VALUES (199,'JULIÁN RUÍZ ROMERO','(SIN OBSERVACION)','DOCTOR','ACTIVO');            INSERT INTO email (idemail, email) VALUES (2084, 'RX@ODONTOIMAGEN.CL');                 INSERT INTO doctor_has_email (doctor_iddoctor, email_idemail) VALUES (199,2084);            INSERT INTO email (idemail, email) VALUES (2085, 'SIN CORREO');                 INSERT INTO doctor_has_email (doctor_iddoctor, email_idemail) VALUES (199,2085);            INSERT INTO email (idemail, email) VALUES (2086, 'SIN CORREO');                 INSERT INTO doctor_has_email (doctor_iddoctor, email_idemail) VALUES (199,2086);            COMMIT;            ROLLBACK;
BEGIN;             INSERT INTO doctor (iddoctor, nombre, descripcion, forma_atender, estado)             VALUES (200,'JULIO GUZMAN','(SIN OBSERVACION)','DOCTOR','ACTIVO');            INSERT INTO email (idemail, email) VALUES (2087, 'ORTODONCIAGUZMAN@GMAIL.COM');                 INSERT INTO doctor_has_email (doctor_iddoctor, email_idemail) VALUES (200,2087);            INSERT INTO email (idemail, email) VALUES (2088, 'SIN CORREO');                 INSERT INTO doctor_has_email (doctor_iddoctor, email_idemail) VALUES (200,2088);            INSERT INTO email (idemail, email) VALUES (2089, 'SIN CORREO');                 INSERT INTO doctor_has_email (doctor_iddoctor, email_idemail) VALUES (200,2089);            COMMIT;            ROLLBACK;
BEGIN;             INSERT INTO doctor (iddoctor, nombre, descripcion, forma_atender, estado)             VALUES (201,'JULIO JARA WEISSER','(SIN OBSERVACION)','DOCTOR','ACTIVO');            INSERT INTO email (idemail, email) VALUES (2090, 'DR.JULIO.JARA@GMAIL.COM');                 INSERT INTO doctor_has_email (doctor_iddoctor, email_idemail) VALUES (201,2090);            INSERT INTO email (idemail, email) VALUES (2091, 'SIN CORREO');                 INSERT INTO doctor_has_email (doctor_iddoctor, email_idemail) VALUES (201,2091);            INSERT INTO email (idemail, email) VALUES (2092, 'SIN CORREO');                 INSERT INTO doctor_has_email (doctor_iddoctor, email_idemail) VALUES (201,2092);            COMMIT;            ROLLBACK;
BEGIN;             INSERT INTO doctor (iddoctor, nombre, descripcion, forma_atender, estado)             VALUES (202,'JULIO VALLEJOS','(SIN OBSERVACION)','DOCTOR','ACTIVO');            INSERT INTO email (idemail, email) VALUES (2093, 'AGENDA.CLINICAVISSAE@GMAIL.COM');                 INSERT INTO doctor_has_email (doctor_iddoctor, email_idemail) VALUES (202,2093);            INSERT INTO email (idemail, email) VALUES (2094, 'SIN CORREO');                 INSERT INTO doctor_has_email (doctor_iddoctor, email_idemail) VALUES (202,2094);            INSERT INTO email (idemail, email) VALUES (2095, 'SIN CORREO');                 INSERT INTO doctor_has_email (doctor_iddoctor, email_idemail) VALUES (202,2095);            COMMIT;            ROLLBACK;
BEGIN;             INSERT INTO doctor (iddoctor, nombre, descripcion, forma_atender, estado)             VALUES (203,'KARLA HASBUN','(SIN OBSERVACION)','DOCTOR','ACTIVO');            INSERT INTO email (idemail, email) VALUES (2096, 'RAYOS@CLINICAPUCHI.CL');                 INSERT INTO doctor_has_email (doctor_iddoctor, email_idemail) VALUES (203,2096);            INSERT INTO email (idemail, email) VALUES (2097, 'SIN CORREO');                 INSERT INTO doctor_has_email (doctor_iddoctor, email_idemail) VALUES (203,2097);            INSERT INTO email (idemail, email) VALUES (2098, 'SIN CORREO');                 INSERT INTO doctor_has_email (doctor_iddoctor, email_idemail) VALUES (203,2098);            COMMIT;            ROLLBACK;
BEGIN;             INSERT INTO doctor (iddoctor, nombre, descripcion, forma_atender, estado)             VALUES (204,'KATERIN SOTO OSORIO','(SIN OBSERVACION)','DOCTOR','ACTIVO');            INSERT INTO email (idemail, email) VALUES (2099, 'KATERINSOTOSOSORIO@GMAIL.COM');                 INSERT INTO doctor_has_email (doctor_iddoctor, email_idemail) VALUES (204,2099);            INSERT INTO email (idemail, email) VALUES (2100, 'SIN CORREO');                 INSERT INTO doctor_has_email (doctor_iddoctor, email_idemail) VALUES (204,2100);            INSERT INTO email (idemail, email) VALUES (2101, 'SIN CORREO');                 INSERT INTO doctor_has_email (doctor_iddoctor, email_idemail) VALUES (204,2101);            COMMIT;            ROLLBACK;
BEGIN;             INSERT INTO doctor (iddoctor, nombre, descripcion, forma_atender, estado)             VALUES (205,'KATHERINE GONZALEZ CASTRO','(SIN OBSERVACION)','DOCTOR','ACTIVO');            INSERT INTO email (idemail, email) VALUES (2102, 'CLINICACASTROCONTARDO@GMAIL.COM');                 INSERT INTO doctor_has_email (doctor_iddoctor, email_idemail) VALUES (205,2102);            INSERT INTO email (idemail, email) VALUES (2103, 'SIN CORREO');                 INSERT INTO doctor_has_email (doctor_iddoctor, email_idemail) VALUES (205,2103);            INSERT INTO email (idemail, email) VALUES (2104, 'SIN CORREO');                 INSERT INTO doctor_has_email (doctor_iddoctor, email_idemail) VALUES (205,2104);            COMMIT;            ROLLBACK;
BEGIN;             INSERT INTO doctor (iddoctor, nombre, descripcion, forma_atender, estado)             VALUES (206,'KATY PIZARRO','(SE ENVIA AL MAIL SEGÚN LA ORDEN)','DOCTOR','ACTIVO');            INSERT INTO email (idemail, email) VALUES (2105, 'CUMBRESDENTAL@GMAIL.COM');                 INSERT INTO doctor_has_email (doctor_iddoctor, email_idemail) VALUES (206,2105);            INSERT INTO email (idemail, email) VALUES (2106, 'KATY.PIZARRO.VARAS@GMAIL.COM');                 INSERT INTO doctor_has_email (doctor_iddoctor, email_idemail) VALUES (206,2106);            INSERT INTO email (idemail, email) VALUES (2107, 'SIN CORREO');                 INSERT INTO doctor_has_email (doctor_iddoctor, email_idemail) VALUES (206,2107);            COMMIT;            ROLLBACK;
BEGIN;             INSERT INTO doctor (iddoctor, nombre, descripcion, forma_atender, estado)             VALUES (207,'LEONARDO MARQUEZ','(SIN OBSERVACION)','DOCTOR','ACTIVO');            INSERT INTO email (idemail, email) VALUES (2108, 'LELE_0000@HOTMAIL.COM');                 INSERT INTO doctor_has_email (doctor_iddoctor, email_idemail) VALUES (207,2108);            INSERT INTO email (idemail, email) VALUES (2109, 'SIN CORREO');                 INSERT INTO doctor_has_email (doctor_iddoctor, email_idemail) VALUES (207,2109);            INSERT INTO email (idemail, email) VALUES (2110, 'SIN CORREO');                 INSERT INTO doctor_has_email (doctor_iddoctor, email_idemail) VALUES (207,2110);            COMMIT;            ROLLBACK;
BEGIN;             INSERT INTO doctor (iddoctor, nombre, descripcion, forma_atender, estado)             VALUES (208,'LEONARDO ZEPEDA','(SE ENVIA AL MAIL SEGÚN LA ORDEN)','DOCTOR','ACTIVO');            INSERT INTO email (idemail, email) VALUES (2111, 'DENTALMAGISTERIO@GMAIL.COM');                 INSERT INTO doctor_has_email (doctor_iddoctor, email_idemail) VALUES (208,2111);            INSERT INTO email (idemail, email) VALUES (2112, 'RXDENTALAMERICAS@GMAIL.COM');                 INSERT INTO doctor_has_email (doctor_iddoctor, email_idemail) VALUES (208,2112);            INSERT INTO email (idemail, email) VALUES (2113, 'SIN CORREO');                 INSERT INTO doctor_has_email (doctor_iddoctor, email_idemail) VALUES (208,2113);            COMMIT;            ROLLBACK;
BEGIN;             INSERT INTO doctor (iddoctor, nombre, descripcion, forma_atender, estado)             VALUES (209,'LORETO ROZAS','(SIN OBSERVACION)','DOCTOR','ACTIVO');            INSERT INTO email (idemail, email) VALUES (2114, 'CLINICAROZAS.TALCA@GMAIL.COM');                 INSERT INTO doctor_has_email (doctor_iddoctor, email_idemail) VALUES (209,2114);            INSERT INTO email (idemail, email) VALUES (2115, 'SIN CORREO');                 INSERT INTO doctor_has_email (doctor_iddoctor, email_idemail) VALUES (209,2115);            INSERT INTO email (idemail, email) VALUES (2116, 'SIN CORREO');                 INSERT INTO doctor_has_email (doctor_iddoctor, email_idemail) VALUES (209,2116);            COMMIT;            ROLLBACK;
BEGIN;             INSERT INTO doctor (iddoctor, nombre, descripcion, forma_atender, estado)             VALUES (210,'LUCAS PALOMINO','(SIN OBSERVACION)','DOCTOR','ACTIVO');            INSERT INTO email (idemail, email) VALUES (2117, 'LYMCENTROODONTOLOGICO@GMAIL.COM');                 INSERT INTO doctor_has_email (doctor_iddoctor, email_idemail) VALUES (210,2117);            INSERT INTO email (idemail, email) VALUES (2118, 'SIN CORREO');                 INSERT INTO doctor_has_email (doctor_iddoctor, email_idemail) VALUES (210,2118);            INSERT INTO email (idemail, email) VALUES (2119, 'SIN CORREO');                 INSERT INTO doctor_has_email (doctor_iddoctor, email_idemail) VALUES (210,2119);            COMMIT;            ROLLBACK;
BEGIN;             INSERT INTO doctor (iddoctor, nombre, descripcion, forma_atender, estado)             VALUES (211,'LUCIANO VARAS','(SIN OBSERVACION)','DOCTOR','ACTIVO');            INSERT INTO email (idemail, email) VALUES (2120, 'VARASGONZALEZODONTOLOGIA@GMAIL.COM');                 INSERT INTO doctor_has_email (doctor_iddoctor, email_idemail) VALUES (211,2120);            INSERT INTO email (idemail, email) VALUES (2121, 'SIN CORREO');                 INSERT INTO doctor_has_email (doctor_iddoctor, email_idemail) VALUES (211,2121);            INSERT INTO email (idemail, email) VALUES (2122, 'SIN CORREO');                 INSERT INTO doctor_has_email (doctor_iddoctor, email_idemail) VALUES (211,2122);            COMMIT;            ROLLBACK;
BEGIN;             INSERT INTO doctor (iddoctor, nombre, descripcion, forma_atender, estado)             VALUES (212,'LUIS SANTA CRUZ','(SIN OBSERVACION)','DOCTOR','ACTIVO');            INSERT INTO email (idemail, email) VALUES (2123, 'DENTISTAMAULE@HOTMAIL.COM');                 INSERT INTO doctor_has_email (doctor_iddoctor, email_idemail) VALUES (212,2123);            INSERT INTO email (idemail, email) VALUES (2124, 'SIN CORREO');                 INSERT INTO doctor_has_email (doctor_iddoctor, email_idemail) VALUES (212,2124);            INSERT INTO email (idemail, email) VALUES (2125, 'SIN CORREO');                 INSERT INTO doctor_has_email (doctor_iddoctor, email_idemail) VALUES (212,2125);            COMMIT;            ROLLBACK;
BEGIN;             INSERT INTO doctor (iddoctor, nombre, descripcion, forma_atender, estado)             VALUES (213,'LUZ CACERES','(SIN OBSERVACION)','DOCTOR','ACTIVO');            INSERT INTO email (idemail, email) VALUES (2126, 'LUZACACERESC@GMAIL.COM');                 INSERT INTO doctor_has_email (doctor_iddoctor, email_idemail) VALUES (213,2126);            INSERT INTO email (idemail, email) VALUES (2127, 'SIN CORREO');                 INSERT INTO doctor_has_email (doctor_iddoctor, email_idemail) VALUES (213,2127);            INSERT INTO email (idemail, email) VALUES (2128, 'SIN CORREO');                 INSERT INTO doctor_has_email (doctor_iddoctor, email_idemail) VALUES (213,2128);            COMMIT;            ROLLBACK;
BEGIN;             INSERT INTO doctor (iddoctor, nombre, descripcion, forma_atender, estado)             VALUES (214,'MACARENA SEPULVEDA','(SE ENVIA AL MAIL SEGÚN LA ORDEN)','DOCTOR','ACTIVO');            INSERT INTO email (idemail, email) VALUES (2129, 'MSEPULVEDAECHAGUE@GMAIL.COM');                 INSERT INTO doctor_has_email (doctor_iddoctor, email_idemail) VALUES (214,2129);            INSERT INTO email (idemail, email) VALUES (2130, 'RXREDSALUDTALCA@GMAIL.COM');                 INSERT INTO doctor_has_email (doctor_iddoctor, email_idemail) VALUES (214,2130);            INSERT INTO email (idemail, email) VALUES (2131, 'RXSANTABLANCATALCA@GMAIL.COM');                 INSERT INTO doctor_has_email (doctor_iddoctor, email_idemail) VALUES (214,2131);            COMMIT;            ROLLBACK;
BEGIN;             INSERT INTO doctor (iddoctor, nombre, descripcion, forma_atender, estado)             VALUES (215,'MANUEL RODRÍGUEZ','(SE DEBE ENVIAR A AMBOS CORREOS)','DOCTOR','ACTIVO');            INSERT INTO email (idemail, email) VALUES (2132, 'SMILECLINICTALCA@GMAIL.COM');                 INSERT INTO doctor_has_email (doctor_iddoctor, email_idemail) VALUES (215,2132);            INSERT INTO email (idemail, email) VALUES (2133, 'MANUELDENT@GMAIL.COM');                 INSERT INTO doctor_has_email (doctor_iddoctor, email_idemail) VALUES (215,2133);            INSERT INTO email (idemail, email) VALUES (2134, 'SIN CORREO');                 INSERT INTO doctor_has_email (doctor_iddoctor, email_idemail) VALUES (215,2134);            COMMIT;            ROLLBACK;
BEGIN;             INSERT INTO doctor (iddoctor, nombre, descripcion, forma_atender, estado)             VALUES (216,'MARCELA ESPINOSA SAN MARTIN','(SIN OBSERVACION)','DOCTOR','ACTIVO');            INSERT INTO email (idemail, email) VALUES (2135, 'M.ESPINOSA.SM@GMAIL.COM');                 INSERT INTO doctor_has_email (doctor_iddoctor, email_idemail) VALUES (216,2135);            INSERT INTO email (idemail, email) VALUES (2136, 'SIN CORREO');                 INSERT INTO doctor_has_email (doctor_iddoctor, email_idemail) VALUES (216,2136);            INSERT INTO email (idemail, email) VALUES (2137, 'SIN CORREO');                 INSERT INTO doctor_has_email (doctor_iddoctor, email_idemail) VALUES (216,2137);            COMMIT;            ROLLBACK;
BEGIN;             INSERT INTO doctor (iddoctor, nombre, descripcion, forma_atender, estado)             VALUES (217,'MARCELA OCAMPO','(SIN OBSERVACION)','DOCTOR','ACTIVO');            INSERT INTO email (idemail, email) VALUES (2138, 'ODONTOESTETICATALCA@GMAIL.COM');                 INSERT INTO doctor_has_email (doctor_iddoctor, email_idemail) VALUES (217,2138);            INSERT INTO email (idemail, email) VALUES (2139, 'SIN CORREO');                 INSERT INTO doctor_has_email (doctor_iddoctor, email_idemail) VALUES (217,2139);            INSERT INTO email (idemail, email) VALUES (2140, 'SIN CORREO');                 INSERT INTO doctor_has_email (doctor_iddoctor, email_idemail) VALUES (217,2140);            COMMIT;            ROLLBACK;
BEGIN;             INSERT INTO doctor (iddoctor, nombre, descripcion, forma_atender, estado)             VALUES (218,'MARCELA VARGAS SEPULVEDA','(SIN OBSERVACION)','DOCTOR','ACTIVO');            INSERT INTO email (idemail, email) VALUES (2141, 'MARCELA.VARGAS.SEPULVEDA@GMAIL.COM');                 INSERT INTO doctor_has_email (doctor_iddoctor, email_idemail) VALUES (218,2141);            INSERT INTO email (idemail, email) VALUES (2142, 'SIN CORREO');                 INSERT INTO doctor_has_email (doctor_iddoctor, email_idemail) VALUES (218,2142);            INSERT INTO email (idemail, email) VALUES (2143, 'SIN CORREO');                 INSERT INTO doctor_has_email (doctor_iddoctor, email_idemail) VALUES (218,2143);            COMMIT;            ROLLBACK;
BEGIN;             INSERT INTO doctor (iddoctor, nombre, descripcion, forma_atender, estado)             VALUES (219,'MARCELO GAJARDO','(SIN OBSERVACION)','DOCTOR','ACTIVO');            INSERT INTO email (idemail, email) VALUES (2144, 'ODONTOLOGIALASRASTRAS@GMAIL.COM');                 INSERT INTO doctor_has_email (doctor_iddoctor, email_idemail) VALUES (219,2144);            INSERT INTO email (idemail, email) VALUES (2145, 'SIN CORREO');                 INSERT INTO doctor_has_email (doctor_iddoctor, email_idemail) VALUES (219,2145);            INSERT INTO email (idemail, email) VALUES (2146, 'SIN CORREO');                 INSERT INTO doctor_has_email (doctor_iddoctor, email_idemail) VALUES (219,2146);            COMMIT;            ROLLBACK;
BEGIN;             INSERT INTO doctor (iddoctor, nombre, descripcion, forma_atender, estado)             VALUES (220,'MARCELO GIL','(SIN OBSERVACION)','DOCTOR','ACTIVO');            INSERT INTO email (idemail, email) VALUES (2147, 'MARCELOGILP@GMAIL.COM');                 INSERT INTO doctor_has_email (doctor_iddoctor, email_idemail) VALUES (220,2147);            INSERT INTO email (idemail, email) VALUES (2148, 'SIN CORREO');                 INSERT INTO doctor_has_email (doctor_iddoctor, email_idemail) VALUES (220,2148);            INSERT INTO email (idemail, email) VALUES (2149, 'SIN CORREO');                 INSERT INTO doctor_has_email (doctor_iddoctor, email_idemail) VALUES (220,2149);            COMMIT;            ROLLBACK;
BEGIN;             INSERT INTO doctor (iddoctor, nombre, descripcion, forma_atender, estado)             VALUES (221,'MARCELO GONZALEZ LARA','(SIN OBSERVACION)','DOCTOR','ACTIVO');            INSERT INTO email (idemail, email) VALUES (2150, 'MARCELO.GLARA11@GMAIL.COM');                 INSERT INTO doctor_has_email (doctor_iddoctor, email_idemail) VALUES (221,2150);            INSERT INTO email (idemail, email) VALUES (2151, 'SIN CORREO');                 INSERT INTO doctor_has_email (doctor_iddoctor, email_idemail) VALUES (221,2151);            INSERT INTO email (idemail, email) VALUES (2152, 'SIN CORREO');                 INSERT INTO doctor_has_email (doctor_iddoctor, email_idemail) VALUES (221,2152);            COMMIT;            ROLLBACK;
BEGIN;             INSERT INTO doctor (iddoctor, nombre, descripcion, forma_atender, estado)             VALUES (222,'MARCELO LAGOS ZUÑIGA','(SIN OBSERVACION)','DOCTOR','ACTIVO');            INSERT INTO email (idemail, email) VALUES (2153, 'XELOZ13@GMAIL.COM');                 INSERT INTO doctor_has_email (doctor_iddoctor, email_idemail) VALUES (222,2153);            INSERT INTO email (idemail, email) VALUES (2154, 'SIN CORREO');                 INSERT INTO doctor_has_email (doctor_iddoctor, email_idemail) VALUES (222,2154);            INSERT INTO email (idemail, email) VALUES (2155, 'SIN CORREO');                 INSERT INTO doctor_has_email (doctor_iddoctor, email_idemail) VALUES (222,2155);            COMMIT;            ROLLBACK;
BEGIN;             INSERT INTO doctor (iddoctor, nombre, descripcion, forma_atender, estado)             VALUES (223,'MARCO CHAVEZ','(SIN OBSERVACION)','DOCTOR','ACTIVO');            INSERT INTO email (idemail, email) VALUES (2156, 'MARCOTCHAVEZ@GMAIL.COM');                 INSERT INTO doctor_has_email (doctor_iddoctor, email_idemail) VALUES (223,2156);            INSERT INTO email (idemail, email) VALUES (2157, 'SIN CORREO');                 INSERT INTO doctor_has_email (doctor_iddoctor, email_idemail) VALUES (223,2157);            INSERT INTO email (idemail, email) VALUES (2158, 'SIN CORREO');                 INSERT INTO doctor_has_email (doctor_iddoctor, email_idemail) VALUES (223,2158);            COMMIT;            ROLLBACK;
BEGIN;             INSERT INTO doctor (iddoctor, nombre, descripcion, forma_atender, estado)             VALUES (224,'MARÍA ALEJANDRA ALCÁNTARA','(SIN OBSERVACION)','DOCTOR','ACTIVO');            INSERT INTO email (idemail, email) VALUES (2159, 'ALE27ALCANTARA@GMAIL.COM');                 INSERT INTO doctor_has_email (doctor_iddoctor, email_idemail) VALUES (224,2159);            INSERT INTO email (idemail, email) VALUES (2160, 'SIN CORREO');                 INSERT INTO doctor_has_email (doctor_iddoctor, email_idemail) VALUES (224,2160);            INSERT INTO email (idemail, email) VALUES (2161, 'SIN CORREO');                 INSERT INTO doctor_has_email (doctor_iddoctor, email_idemail) VALUES (224,2161);            COMMIT;            ROLLBACK;
BEGIN;             INSERT INTO doctor (iddoctor, nombre, descripcion, forma_atender, estado)             VALUES (225,'MARIA ANTONIETA ALBORNOZ','(SIN OBSERVACION)','DOCTOR','ACTIVO');            INSERT INTO email (idemail, email) VALUES (2162, 'ANTONIETA_ALBORNOZ@HOTMAIL.ES');                 INSERT INTO doctor_has_email (doctor_iddoctor, email_idemail) VALUES (225,2162);            INSERT INTO email (idemail, email) VALUES (2163, 'SIN CORREO');                 INSERT INTO doctor_has_email (doctor_iddoctor, email_idemail) VALUES (225,2163);            INSERT INTO email (idemail, email) VALUES (2164, 'SIN CORREO');                 INSERT INTO doctor_has_email (doctor_iddoctor, email_idemail) VALUES (225,2164);            COMMIT;            ROLLBACK;
BEGIN;             INSERT INTO doctor (iddoctor, nombre, descripcion, forma_atender, estado)             VALUES (226,'MARIA ELISA ESTELA URRUTIA','(SIN OBSERVACION)','DOCTOR','ACTIVO');            INSERT INTO email (idemail, email) VALUES (2165, 'MESTELAURRUTIA@GMAIL.COM');                 INSERT INTO doctor_has_email (doctor_iddoctor, email_idemail) VALUES (226,2165);            INSERT INTO email (idemail, email) VALUES (2166, 'SIN CORREO');                 INSERT INTO doctor_has_email (doctor_iddoctor, email_idemail) VALUES (226,2166);            INSERT INTO email (idemail, email) VALUES (2167, 'SIN CORREO');                 INSERT INTO doctor_has_email (doctor_iddoctor, email_idemail) VALUES (226,2167);            COMMIT;            ROLLBACK;
BEGIN;             INSERT INTO doctor (iddoctor, nombre, descripcion, forma_atender, estado)             VALUES (227,'MARIA ELISA QUINTEROS','(SIN OBSERVACION)','DOCTOR','ACTIVO');            INSERT INTO email (idemail, email) VALUES (2168, 'ELISAQUINTEROSMUNOZ@GMAIL.COM');                 INSERT INTO doctor_has_email (doctor_iddoctor, email_idemail) VALUES (227,2168);            INSERT INTO email (idemail, email) VALUES (2169, 'SIN CORREO');                 INSERT INTO doctor_has_email (doctor_iddoctor, email_idemail) VALUES (227,2169);            INSERT INTO email (idemail, email) VALUES (2170, 'SIN CORREO');                 INSERT INTO doctor_has_email (doctor_iddoctor, email_idemail) VALUES (227,2170);            COMMIT;            ROLLBACK;
BEGIN;             INSERT INTO doctor (iddoctor, nombre, descripcion, forma_atender, estado)             VALUES (228,'MARIA FERNANDA CRISOSTOMO','(SIN OBSERVACION)','DOCTOR','ACTIVO');            INSERT INTO email (idemail, email) VALUES (2171, 'FCRISOSTOMOLANDEROS@GMAIL.COM');                 INSERT INTO doctor_has_email (doctor_iddoctor, email_idemail) VALUES (228,2171);            INSERT INTO email (idemail, email) VALUES (2172, 'SIN CORREO');                 INSERT INTO doctor_has_email (doctor_iddoctor, email_idemail) VALUES (228,2172);            INSERT INTO email (idemail, email) VALUES (2173, 'SIN CORREO');                 INSERT INTO doctor_has_email (doctor_iddoctor, email_idemail) VALUES (228,2173);            COMMIT;            ROLLBACK;
BEGIN;             INSERT INTO doctor (iddoctor, nombre, descripcion, forma_atender, estado)             VALUES (229,'MARIA FERNANDA LUQUE','(SIN OBSERVACION)','DOCTOR','ACTIVO');            INSERT INTO email (idemail, email) VALUES (2174, 'MFLUQUEM@GMAIL.COM');                 INSERT INTO doctor_has_email (doctor_iddoctor, email_idemail) VALUES (229,2174);            INSERT INTO email (idemail, email) VALUES (2175, 'SIN CORREO');                 INSERT INTO doctor_has_email (doctor_iddoctor, email_idemail) VALUES (229,2175);            INSERT INTO email (idemail, email) VALUES (2176, 'SIN CORREO');                 INSERT INTO doctor_has_email (doctor_iddoctor, email_idemail) VALUES (229,2176);            COMMIT;            ROLLBACK;
BEGIN;             INSERT INTO doctor (iddoctor, nombre, descripcion, forma_atender, estado)             VALUES (230,'MARIA FERNANDA MORALES','(SIN OBSERVACION)','DOCTOR','ACTIVO');            INSERT INTO email (idemail, email) VALUES (2177, 'RXDENTALSANRAFAEL@GMAIL.COM');                 INSERT INTO doctor_has_email (doctor_iddoctor, email_idemail) VALUES (230,2177);            INSERT INTO email (idemail, email) VALUES (2178, 'SIN CORREO');                 INSERT INTO doctor_has_email (doctor_iddoctor, email_idemail) VALUES (230,2178);            INSERT INTO email (idemail, email) VALUES (2179, 'SIN CORREO');                 INSERT INTO doctor_has_email (doctor_iddoctor, email_idemail) VALUES (230,2179);            COMMIT;            ROLLBACK;
BEGIN;             INSERT INTO doctor (iddoctor, nombre, descripcion, forma_atender, estado)             VALUES (231,'MARIA FERNANDA MUNITA','(SIN OBSERVACION)','DOCTOR','ACTIVO');            INSERT INTO email (idemail, email) VALUES (2180, 'FERNANDAMUNITAM@GMAIL.COM');                 INSERT INTO doctor_has_email (doctor_iddoctor, email_idemail) VALUES (231,2180);            INSERT INTO email (idemail, email) VALUES (2181, 'SIN CORREO');                 INSERT INTO doctor_has_email (doctor_iddoctor, email_idemail) VALUES (231,2181);            INSERT INTO email (idemail, email) VALUES (2182, 'SIN CORREO');                 INSERT INTO doctor_has_email (doctor_iddoctor, email_idemail) VALUES (231,2182);            COMMIT;            ROLLBACK;
BEGIN;             INSERT INTO doctor (iddoctor, nombre, descripcion, forma_atender, estado)             VALUES (232,'MARIA FERNANDA VIAL','(SIN OBSERVACION)','DOCTOR','ACTIVO');            INSERT INTO email (idemail, email) VALUES (2183, 'MFVIALGANGAS@GMAIL.COM');                 INSERT INTO doctor_has_email (doctor_iddoctor, email_idemail) VALUES (232,2183);            INSERT INTO email (idemail, email) VALUES (2184, 'SIN CORREO');                 INSERT INTO doctor_has_email (doctor_iddoctor, email_idemail) VALUES (232,2184);            INSERT INTO email (idemail, email) VALUES (2185, 'SIN CORREO');                 INSERT INTO doctor_has_email (doctor_iddoctor, email_idemail) VALUES (232,2185);            COMMIT;            ROLLBACK;
BEGIN;             INSERT INTO doctor (iddoctor, nombre, descripcion, forma_atender, estado)             VALUES (233,'MARIA JOSE CALAF','(SIN OBSERVACION)','DOCTOR','ACTIVO');            INSERT INTO email (idemail, email) VALUES (2186, 'MJCALAFF@GMAIL.COM');                 INSERT INTO doctor_has_email (doctor_iddoctor, email_idemail) VALUES (233,2186);            INSERT INTO email (idemail, email) VALUES (2187, 'SIN CORREO');                 INSERT INTO doctor_has_email (doctor_iddoctor, email_idemail) VALUES (233,2187);            INSERT INTO email (idemail, email) VALUES (2188, 'SIN CORREO');                 INSERT INTO doctor_has_email (doctor_iddoctor, email_idemail) VALUES (233,2188);            COMMIT;            ROLLBACK;
BEGIN;             INSERT INTO doctor (iddoctor, nombre, descripcion, forma_atender, estado)             VALUES (234,'MARIA JOSE NUÑEZ','(SIN OBSERVACION)','DOCTOR','ACTIVO');            INSERT INTO email (idemail, email) VALUES (2189, 'DENTALCSMAULE@GMAIL.COM');                 INSERT INTO doctor_has_email (doctor_iddoctor, email_idemail) VALUES (234,2189);            INSERT INTO email (idemail, email) VALUES (2190, 'SIN CORREO');                 INSERT INTO doctor_has_email (doctor_iddoctor, email_idemail) VALUES (234,2190);            INSERT INTO email (idemail, email) VALUES (2191, 'SIN CORREO');                 INSERT INTO doctor_has_email (doctor_iddoctor, email_idemail) VALUES (234,2191);            COMMIT;            ROLLBACK;
BEGIN;             INSERT INTO doctor (iddoctor, nombre, descripcion, forma_atender, estado)             VALUES (235,'MARIA JOSE SANHUEZA','(SE ENVIA AL MAIL SEGÚN LA ORDEN)','DOCTOR','ACTIVO');            INSERT INTO email (idemail, email) VALUES (2192, 'COTE_SANHUEZA@HOTMAIL.COM');                 INSERT INTO doctor_has_email (doctor_iddoctor, email_idemail) VALUES (235,2192);            INSERT INTO email (idemail, email) VALUES (2193, 'CONTACTO@CREOSALUD.COM');                 INSERT INTO doctor_has_email (doctor_iddoctor, email_idemail) VALUES (235,2193);            INSERT INTO email (idemail, email) VALUES (2194, 'SIN CORREO');                 INSERT INTO doctor_has_email (doctor_iddoctor, email_idemail) VALUES (235,2194);            COMMIT;            ROLLBACK;
BEGIN;             INSERT INTO doctor (iddoctor, nombre, descripcion, forma_atender, estado)             VALUES (236,'MARIA PAZ SANDOVAL MORALES','(SIN OBSERVACION)','DOCTOR','ACTIVO');            INSERT INTO email (idemail, email) VALUES (2195, 'CANALESORTODONCIA@GMAIL.COM');                 INSERT INTO doctor_has_email (doctor_iddoctor, email_idemail) VALUES (236,2195);            INSERT INTO email (idemail, email) VALUES (2196, 'SIN CORREO');                 INSERT INTO doctor_has_email (doctor_iddoctor, email_idemail) VALUES (236,2196);            INSERT INTO email (idemail, email) VALUES (2197, 'SIN CORREO');                 INSERT INTO doctor_has_email (doctor_iddoctor, email_idemail) VALUES (236,2197);            COMMIT;            ROLLBACK;
BEGIN;             INSERT INTO doctor (iddoctor, nombre, descripcion, forma_atender, estado)             VALUES (237,'MARIA VALENTINA OPAZO','(SIN OBSERVACION)','DOCTOR','ACTIVO');            INSERT INTO email (idemail, email) VALUES (2198, 'MVOPAZOI@HOTMAIL.COM');                 INSERT INTO doctor_has_email (doctor_iddoctor, email_idemail) VALUES (237,2198);            INSERT INTO email (idemail, email) VALUES (2199, 'SIN CORREO');                 INSERT INTO doctor_has_email (doctor_iddoctor, email_idemail) VALUES (237,2199);            INSERT INTO email (idemail, email) VALUES (2200, 'SIN CORREO');                 INSERT INTO doctor_has_email (doctor_iddoctor, email_idemail) VALUES (237,2200);            COMMIT;            ROLLBACK;
BEGIN;             INSERT INTO doctor (iddoctor, nombre, descripcion, forma_atender, estado)             VALUES (238,'MARIAGRAZIA MUÑOZ','(SIN OBSERVACION)','DOCTOR','ACTIVO');            INSERT INTO email (idemail, email) VALUES (2201, 'RXDENTALSANRAFAEL@GMAIL.COM');                 INSERT INTO doctor_has_email (doctor_iddoctor, email_idemail) VALUES (238,2201);            INSERT INTO email (idemail, email) VALUES (2202, 'SIN CORREO');                 INSERT INTO doctor_has_email (doctor_iddoctor, email_idemail) VALUES (238,2202);            INSERT INTO email (idemail, email) VALUES (2203, 'SIN CORREO');                 INSERT INTO doctor_has_email (doctor_iddoctor, email_idemail) VALUES (238,2203);            COMMIT;            ROLLBACK;
BEGIN;             INSERT INTO doctor (iddoctor, nombre, descripcion, forma_atender, estado)             VALUES (239,'MARIANA VILDOSOLA','(SIN OBSERVACION)','DOCTOR','ACTIVO');            INSERT INTO email (idemail, email) VALUES (2204, 'MARIANAVILDOSOLA@GMAIL.COM');                 INSERT INTO doctor_has_email (doctor_iddoctor, email_idemail) VALUES (239,2204);            INSERT INTO email (idemail, email) VALUES (2205, 'SIN CORREO');                 INSERT INTO doctor_has_email (doctor_iddoctor, email_idemail) VALUES (239,2205);            INSERT INTO email (idemail, email) VALUES (2206, 'SIN CORREO');                 INSERT INTO doctor_has_email (doctor_iddoctor, email_idemail) VALUES (239,2206);            COMMIT;            ROLLBACK;
BEGIN;             INSERT INTO doctor (iddoctor, nombre, descripcion, forma_atender, estado)             VALUES (240,'MARIANELA MONAR','(SE ENVIA AL MAIL SEGÚN LA ORDEN)','DOCTOR','ACTIVO');            INSERT INTO email (idemail, email) VALUES (2207, 'RAYOS@MYCLINIC.CL');                 INSERT INTO doctor_has_email (doctor_iddoctor, email_idemail) VALUES (240,2207);            INSERT INTO email (idemail, email) VALUES (2208, 'DRAMONAR1091@GMAIL.COM');                 INSERT INTO doctor_has_email (doctor_iddoctor, email_idemail) VALUES (240,2208);            INSERT INTO email (idemail, email) VALUES (2209, 'SIN CORREO');                 INSERT INTO doctor_has_email (doctor_iddoctor, email_idemail) VALUES (240,2209);            COMMIT;            ROLLBACK;
BEGIN;             INSERT INTO doctor (iddoctor, nombre, descripcion, forma_atender, estado)             VALUES (241,'MARISA FRANCISCA SANDOVAL','(SIN OBSERVACION)','DOCTOR','ACTIVO');            INSERT INTO email (idemail, email) VALUES (2210, 'RAYOS@CLINICAPUCHI.CL');                 INSERT INTO doctor_has_email (doctor_iddoctor, email_idemail) VALUES (241,2210);            INSERT INTO email (idemail, email) VALUES (2211, 'SIN CORREO');                 INSERT INTO doctor_has_email (doctor_iddoctor, email_idemail) VALUES (241,2211);            INSERT INTO email (idemail, email) VALUES (2212, 'SIN CORREO');                 INSERT INTO doctor_has_email (doctor_iddoctor, email_idemail) VALUES (241,2212);            COMMIT;            ROLLBACK;
BEGIN;             INSERT INTO doctor (iddoctor, nombre, descripcion, forma_atender, estado)             VALUES (242,'MARLENNE DURÁN','(SE DEBE ENVIAR A AMBOS CORREOS)','DOCTOR','ACTIVO');            INSERT INTO email (idemail, email) VALUES (2213, 'MARLEDS@GMAIL.COM');                 INSERT INTO doctor_has_email (doctor_iddoctor, email_idemail) VALUES (242,2213);            INSERT INTO email (idemail, email) VALUES (2214, 'CONTACTO@VIAMEDICAL.CL');                 INSERT INTO doctor_has_email (doctor_iddoctor, email_idemail) VALUES (242,2214);            INSERT INTO email (idemail, email) VALUES (2215, 'SIN CORREO');                 INSERT INTO doctor_has_email (doctor_iddoctor, email_idemail) VALUES (242,2215);            COMMIT;            ROLLBACK;
BEGIN;             INSERT INTO doctor (iddoctor, nombre, descripcion, forma_atender, estado)             VALUES (243,'MARTA CAZENAVE','(SIN OBSERVACION)','DOCTOR','ACTIVO');            INSERT INTO email (idemail, email) VALUES (2216, 'MCAZENAVE23@GMAIL.COM');                 INSERT INTO doctor_has_email (doctor_iddoctor, email_idemail) VALUES (243,2216);            INSERT INTO email (idemail, email) VALUES (2217, 'SIN CORREO');                 INSERT INTO doctor_has_email (doctor_iddoctor, email_idemail) VALUES (243,2217);            INSERT INTO email (idemail, email) VALUES (2218, 'SIN CORREO');                 INSERT INTO doctor_has_email (doctor_iddoctor, email_idemail) VALUES (243,2218);            COMMIT;            ROLLBACK;
BEGIN;             INSERT INTO doctor (iddoctor, nombre, descripcion, forma_atender, estado)             VALUES (244,'MARYORIS MÁRQUEZ','(SE ENVIA AL MAIL SEGÚN LA ORDEN)','DOCTOR','ACTIVO');            INSERT INTO email (idemail, email) VALUES (2219, 'MEDISERDENTAL@GMAIL.COM');                 INSERT INTO doctor_has_email (doctor_iddoctor, email_idemail) VALUES (244,2219);            INSERT INTO email (idemail, email) VALUES (2220, 'MARYOJMG@HOTMAIL.COM');                 INSERT INTO doctor_has_email (doctor_iddoctor, email_idemail) VALUES (244,2220);            INSERT INTO email (idemail, email) VALUES (2221, 'SIN CORREO');                 INSERT INTO doctor_has_email (doctor_iddoctor, email_idemail) VALUES (244,2221);            COMMIT;            ROLLBACK;
BEGIN;             INSERT INTO doctor (iddoctor, nombre, descripcion, forma_atender, estado)             VALUES (245,'MAURICIO PADILLA','(SIN OBSERVACION)','DOCTOR','ACTIVO');            INSERT INTO email (idemail, email) VALUES (2222, 'SONRISAMAURICIOPADILLA@GMAIL.COM');                 INSERT INTO doctor_has_email (doctor_iddoctor, email_idemail) VALUES (245,2222);            INSERT INTO email (idemail, email) VALUES (2223, 'SIN CORREO');                 INSERT INTO doctor_has_email (doctor_iddoctor, email_idemail) VALUES (245,2223);            INSERT INTO email (idemail, email) VALUES (2224, 'SIN CORREO');                 INSERT INTO doctor_has_email (doctor_iddoctor, email_idemail) VALUES (245,2224);            COMMIT;            ROLLBACK;
BEGIN;             INSERT INTO doctor (iddoctor, nombre, descripcion, forma_atender, estado)             VALUES (246,'MAXIMILIANO SAEZ','(SE ENVIA AL MAIL SEGÚN LA ORDEN)','DOCTOR','ACTIVO');            INSERT INTO email (idemail, email) VALUES (2225, 'DENTAL@SALUDPELARCO.CL');                 INSERT INTO doctor_has_email (doctor_iddoctor, email_idemail) VALUES (246,2225);            INSERT INTO email (idemail, email) VALUES (2226, 'SONRISAMAURICIOPADILLA@GMAIL.COM');                 INSERT INTO doctor_has_email (doctor_iddoctor, email_idemail) VALUES (246,2226);            INSERT INTO email (idemail, email) VALUES (2227, 'MESAEZ@MIUANDES.CL');                 INSERT INTO doctor_has_email (doctor_iddoctor, email_idemail) VALUES (246,2227);            COMMIT;            ROLLBACK;
BEGIN;             INSERT INTO doctor (iddoctor, nombre, descripcion, forma_atender, estado)             VALUES (247,'MIGUEL ÁNGEL SALAS','(SIN OBSERVACION)','DOCTOR','ACTIVO');            INSERT INTO email (idemail, email) VALUES (2228, 'SECRESALAS@YAHOO.ES');                 INSERT INTO doctor_has_email (doctor_iddoctor, email_idemail) VALUES (247,2228);            INSERT INTO email (idemail, email) VALUES (2229, 'SIN CORREO');                 INSERT INTO doctor_has_email (doctor_iddoctor, email_idemail) VALUES (247,2229);            INSERT INTO email (idemail, email) VALUES (2230, 'SIN CORREO');                 INSERT INTO doctor_has_email (doctor_iddoctor, email_idemail) VALUES (247,2230);            COMMIT;            ROLLBACK;
BEGIN;             INSERT INTO doctor (iddoctor, nombre, descripcion, forma_atender, estado)             VALUES (248,'MIGUEL ARENAS','(SE ENVIA AL MAIL SEGÚN LA ORDEN)','DOCTOR','ACTIVO');            INSERT INTO email (idemail, email) VALUES (2231, 'MIARENAS4@GMAIL.COM');                 INSERT INTO doctor_has_email (doctor_iddoctor, email_idemail) VALUES (248,2231);            INSERT INTO email (idemail, email) VALUES (2232, 'CONTACTO@CERFUS.CL');                 INSERT INTO doctor_has_email (doctor_iddoctor, email_idemail) VALUES (248,2232);            INSERT INTO email (idemail, email) VALUES (2233, 'SIN CORREO');                 INSERT INTO doctor_has_email (doctor_iddoctor, email_idemail) VALUES (248,2233);            COMMIT;            ROLLBACK;
BEGIN;             INSERT INTO doctor (iddoctor, nombre, descripcion, forma_atender, estado)             VALUES (249,'MIGUEL VALENZUELA','(SE ENVIA AL MAIL SEGÚN LA ORDEN)','DOCTOR','ACTIVO');            INSERT INTO email (idemail, email) VALUES (2234, 'MIGUELVALENZUELAC@HOTMAIL.COM');                 INSERT INTO doctor_has_email (doctor_iddoctor, email_idemail) VALUES (249,2234);            INSERT INTO email (idemail, email) VALUES (2235, 'CLINICADENTALCUMBRESDELMAULE@GMAIL.COM');                 INSERT INTO doctor_has_email (doctor_iddoctor, email_idemail) VALUES (249,2235);            INSERT INTO email (idemail, email) VALUES (2236, 'SIN CORREO');                 INSERT INTO doctor_has_email (doctor_iddoctor, email_idemail) VALUES (249,2236);            COMMIT;            ROLLBACK;
BEGIN;             INSERT INTO doctor (iddoctor, nombre, descripcion, forma_atender, estado)             VALUES (250,'MILKO CARRASCO','(SIN OBSERVACION)','DOCTOR','ACTIVO');            INSERT INTO email (idemail, email) VALUES (2237, 'CONTACTO.MILKO@GMAIL.COM');                 INSERT INTO doctor_has_email (doctor_iddoctor, email_idemail) VALUES (250,2237);            INSERT INTO email (idemail, email) VALUES (2238, 'SIN CORREO');                 INSERT INTO doctor_has_email (doctor_iddoctor, email_idemail) VALUES (250,2238);            INSERT INTO email (idemail, email) VALUES (2239, 'SIN CORREO');                 INSERT INTO doctor_has_email (doctor_iddoctor, email_idemail) VALUES (250,2239);            COMMIT;            ROLLBACK;
BEGIN;             INSERT INTO doctor (iddoctor, nombre, descripcion, forma_atender, estado)             VALUES (251,'MONICA PAREDES','(SIN OBSERVACION)','DOCTOR','ACTIVO');            INSERT INTO email (idemail, email) VALUES (2240, 'MONIPAREDESODONTOLOGIA@GMAIL.COM');                 INSERT INTO doctor_has_email (doctor_iddoctor, email_idemail) VALUES (251,2240);            INSERT INTO email (idemail, email) VALUES (2241, 'SIN CORREO');                 INSERT INTO doctor_has_email (doctor_iddoctor, email_idemail) VALUES (251,2241);            INSERT INTO email (idemail, email) VALUES (2242, 'SIN CORREO');                 INSERT INTO doctor_has_email (doctor_iddoctor, email_idemail) VALUES (251,2242);            COMMIT;            ROLLBACK;
BEGIN;             INSERT INTO doctor (iddoctor, nombre, descripcion, forma_atender, estado)             VALUES (252,'MONTSERRAT JIMENEZ','(SIN OBSERVACION)','DOCTOR','ACTIVO');            INSERT INTO email (idemail, email) VALUES (2243, 'MONTSEJIMENEZV@GMAIL.COM');                 INSERT INTO doctor_has_email (doctor_iddoctor, email_idemail) VALUES (252,2243);            INSERT INTO email (idemail, email) VALUES (2244, 'SIN CORREO');                 INSERT INTO doctor_has_email (doctor_iddoctor, email_idemail) VALUES (252,2244);            INSERT INTO email (idemail, email) VALUES (2245, 'SIN CORREO');                 INSERT INTO doctor_has_email (doctor_iddoctor, email_idemail) VALUES (252,2245);            COMMIT;            ROLLBACK;
BEGIN;             INSERT INTO doctor (iddoctor, nombre, descripcion, forma_atender, estado)             VALUES (253,'MURIEL URZUA AHUMADA','(SIN OBSERVACION)','DOCTOR','ACTIVO');            INSERT INTO email (idemail, email) VALUES (2246, 'MURZUA.AHUMADA@GMAIL.COM');                 INSERT INTO doctor_has_email (doctor_iddoctor, email_idemail) VALUES (253,2246);            INSERT INTO email (idemail, email) VALUES (2247, 'SIN CORREO');                 INSERT INTO doctor_has_email (doctor_iddoctor, email_idemail) VALUES (253,2247);            INSERT INTO email (idemail, email) VALUES (2248, 'SIN CORREO');                 INSERT INTO doctor_has_email (doctor_iddoctor, email_idemail) VALUES (253,2248);            COMMIT;            ROLLBACK;
BEGIN;             INSERT INTO doctor (iddoctor, nombre, descripcion, forma_atender, estado)             VALUES (254,'NATALIA CONTRERAS','(SIN OBSERVACION)','DOCTOR','ACTIVO');            INSERT INTO email (idemail, email) VALUES (2249, 'NATALIA.CONTRERAS.O@GMAIL.COM');                 INSERT INTO doctor_has_email (doctor_iddoctor, email_idemail) VALUES (254,2249);            INSERT INTO email (idemail, email) VALUES (2250, 'SIN CORREO');                 INSERT INTO doctor_has_email (doctor_iddoctor, email_idemail) VALUES (254,2250);            INSERT INTO email (idemail, email) VALUES (2251, 'SIN CORREO');                 INSERT INTO doctor_has_email (doctor_iddoctor, email_idemail) VALUES (254,2251);            COMMIT;            ROLLBACK;
BEGIN;             INSERT INTO doctor (iddoctor, nombre, descripcion, forma_atender, estado)             VALUES (255,'NATALIA GOMEZ','(SIN OBSERVACION)','DOCTOR','ACTIVO');            INSERT INTO email (idemail, email) VALUES (2252, 'RX.IO.TALCA@GMAIL.COM');                 INSERT INTO doctor_has_email (doctor_iddoctor, email_idemail) VALUES (255,2252);            INSERT INTO email (idemail, email) VALUES (2253, 'SIN CORREO');                 INSERT INTO doctor_has_email (doctor_iddoctor, email_idemail) VALUES (255,2253);            INSERT INTO email (idemail, email) VALUES (2254, 'SIN CORREO');                 INSERT INTO doctor_has_email (doctor_iddoctor, email_idemail) VALUES (255,2254);            COMMIT;            ROLLBACK;
BEGIN;             INSERT INTO doctor (iddoctor, nombre, descripcion, forma_atender, estado)             VALUES (256,'NATALIA YAÑEZ','(SE ENVIA AL MAIL SEGÚN LA ORDEN)','DOCTOR','ACTIVO');            INSERT INTO email (idemail, email) VALUES (2255, 'CONTACTO@VIAMEDICAL.CL');                 INSERT INTO doctor_has_email (doctor_iddoctor, email_idemail) VALUES (256,2255);            INSERT INTO email (idemail, email) VALUES (2256, 'NYAODONTOLOGIA@GMAIL.COM');                 INSERT INTO doctor_has_email (doctor_iddoctor, email_idemail) VALUES (256,2256);            INSERT INTO email (idemail, email) VALUES (2257, 'SIN CORREO');                 INSERT INTO doctor_has_email (doctor_iddoctor, email_idemail) VALUES (256,2257);            COMMIT;            ROLLBACK;
BEGIN;             INSERT INTO doctor (iddoctor, nombre, descripcion, forma_atender, estado)             VALUES (257,'NATALIE ROJAS','(SE ENVIA AL MAIL SEGÚN LA ORDEN)','DOCTOR','ACTIVO');            INSERT INTO email (idemail, email) VALUES (2258, 'RAYOS@MYCLINIC.CL');                 INSERT INTO doctor_has_email (doctor_iddoctor, email_idemail) VALUES (257,2258);            INSERT INTO email (idemail, email) VALUES (2259, 'NATALIEROJAS.O@GMAIL.COM');                 INSERT INTO doctor_has_email (doctor_iddoctor, email_idemail) VALUES (257,2259);            INSERT INTO email (idemail, email) VALUES (2260, 'SIN CORREO');                 INSERT INTO doctor_has_email (doctor_iddoctor, email_idemail) VALUES (257,2260);            COMMIT;            ROLLBACK;
BEGIN;             INSERT INTO doctor (iddoctor, nombre, descripcion, forma_atender, estado)             VALUES (258,'NAYARA SOTO CONTRERAS','(SIN OBSERVACION)','DOCTOR','ACTIVO');            INSERT INTO email (idemail, email) VALUES (2261, 'NAYARA.SOTO.CONTRERAS@GMAIL.COM');                 INSERT INTO doctor_has_email (doctor_iddoctor, email_idemail) VALUES (258,2261);            INSERT INTO email (idemail, email) VALUES (2262, 'SIN CORREO');                 INSERT INTO doctor_has_email (doctor_iddoctor, email_idemail) VALUES (258,2262);            INSERT INTO email (idemail, email) VALUES (2263, 'SIN CORREO');                 INSERT INTO doctor_has_email (doctor_iddoctor, email_idemail) VALUES (258,2263);            COMMIT;            ROLLBACK;
BEGIN;             INSERT INTO doctor (iddoctor, nombre, descripcion, forma_atender, estado)             VALUES (259,'NICOLAS ARAVENA','(SIN OBSERVACION)','DOCTOR','ACTIVO');            INSERT INTO email (idemail, email) VALUES (2264, 'NICOLAS.ARAVENA@LIVE.CL');                 INSERT INTO doctor_has_email (doctor_iddoctor, email_idemail) VALUES (259,2264);            INSERT INTO email (idemail, email) VALUES (2265, 'SIN CORREO');                 INSERT INTO doctor_has_email (doctor_iddoctor, email_idemail) VALUES (259,2265);            INSERT INTO email (idemail, email) VALUES (2266, 'SIN CORREO');                 INSERT INTO doctor_has_email (doctor_iddoctor, email_idemail) VALUES (259,2266);            COMMIT;            ROLLBACK;
BEGIN;             INSERT INTO doctor (iddoctor, nombre, descripcion, forma_atender, estado)             VALUES (260,'NICOLAS CANTILLANA','(SIN OBSERVACION)','DOCTOR','ACTIVO');            INSERT INTO email (idemail, email) VALUES (2267, 'RAYOS.LUMINA@GMAIL.COM');                 INSERT INTO doctor_has_email (doctor_iddoctor, email_idemail) VALUES (260,2267);            INSERT INTO email (idemail, email) VALUES (2268, 'SIN CORREO');                 INSERT INTO doctor_has_email (doctor_iddoctor, email_idemail) VALUES (260,2268);            INSERT INTO email (idemail, email) VALUES (2269, 'SIN CORREO');                 INSERT INTO doctor_has_email (doctor_iddoctor, email_idemail) VALUES (260,2269);            COMMIT;            ROLLBACK;
BEGIN;             INSERT INTO doctor (iddoctor, nombre, descripcion, forma_atender, estado)             VALUES (261,'NICOLAS PINO GUZMAN','(SIN OBSERVACION)','DOCTOR','ACTIVO');            INSERT INTO email (idemail, email) VALUES (2270, 'NICOLASPINOG@GMAIL.COM');                 INSERT INTO doctor_has_email (doctor_iddoctor, email_idemail) VALUES (261,2270);            INSERT INTO email (idemail, email) VALUES (2271, 'SIN CORREO');                 INSERT INTO doctor_has_email (doctor_iddoctor, email_idemail) VALUES (261,2271);            INSERT INTO email (idemail, email) VALUES (2272, 'SIN CORREO');                 INSERT INTO doctor_has_email (doctor_iddoctor, email_idemail) VALUES (261,2272);            COMMIT;            ROLLBACK;
BEGIN;             INSERT INTO doctor (iddoctor, nombre, descripcion, forma_atender, estado)             VALUES (262,'NORMA OLATE','(SIN OBSERVACION)','DOCTOR','ACTIVO');            INSERT INTO email (idemail, email) VALUES (2273, 'NPOLATEROJAS@GMAIL.COM');                 INSERT INTO doctor_has_email (doctor_iddoctor, email_idemail) VALUES (262,2273);            INSERT INTO email (idemail, email) VALUES (2274, 'SIN CORREO');                 INSERT INTO doctor_has_email (doctor_iddoctor, email_idemail) VALUES (262,2274);            INSERT INTO email (idemail, email) VALUES (2275, 'SIN CORREO');                 INSERT INTO doctor_has_email (doctor_iddoctor, email_idemail) VALUES (262,2275);            COMMIT;            ROLLBACK;
BEGIN;             INSERT INTO doctor (iddoctor, nombre, descripcion, forma_atender, estado)             VALUES (263,'OMAR AREVALO','(SIN OBSERVACION)','DOCTOR','ACTIVO');            INSERT INTO email (idemail, email) VALUES (2276, 'OMAR.GUS.AR@GMAIL.COM');                 INSERT INTO doctor_has_email (doctor_iddoctor, email_idemail) VALUES (263,2276);            INSERT INTO email (idemail, email) VALUES (2277, 'SIN CORREO');                 INSERT INTO doctor_has_email (doctor_iddoctor, email_idemail) VALUES (263,2277);            INSERT INTO email (idemail, email) VALUES (2278, 'SIN CORREO');                 INSERT INTO doctor_has_email (doctor_iddoctor, email_idemail) VALUES (263,2278);            COMMIT;            ROLLBACK;
BEGIN;             INSERT INTO doctor (iddoctor, nombre, descripcion, forma_atender, estado)             VALUES (264,'ORNELLA BALOCHI','(SIN OBSERVACION)','DOCTOR','ACTIVO');            INSERT INTO email (idemail, email) VALUES (2279, 'OASISTALCA@GMAIL.COM');                 INSERT INTO doctor_has_email (doctor_iddoctor, email_idemail) VALUES (264,2279);            INSERT INTO email (idemail, email) VALUES (2280, 'SIN CORREO');                 INSERT INTO doctor_has_email (doctor_iddoctor, email_idemail) VALUES (264,2280);            INSERT INTO email (idemail, email) VALUES (2281, 'SIN CORREO');                 INSERT INTO doctor_has_email (doctor_iddoctor, email_idemail) VALUES (264,2281);            COMMIT;            ROLLBACK;
BEGIN;             INSERT INTO doctor (iddoctor, nombre, descripcion, forma_atender, estado)             VALUES (265,'PABLO ASTORGA ALLENDE','(SIN OBSERVACION)','DOCTOR','ACTIVO');            INSERT INTO email (idemail, email) VALUES (2282, 'ENDODONCIA.ASTORGA@GMAIL.COM');                 INSERT INTO doctor_has_email (doctor_iddoctor, email_idemail) VALUES (265,2282);            INSERT INTO email (idemail, email) VALUES (2283, 'SIN CORREO');                 INSERT INTO doctor_has_email (doctor_iddoctor, email_idemail) VALUES (265,2283);            INSERT INTO email (idemail, email) VALUES (2284, 'SIN CORREO');                 INSERT INTO doctor_has_email (doctor_iddoctor, email_idemail) VALUES (265,2284);            COMMIT;            ROLLBACK;
BEGIN;             INSERT INTO doctor (iddoctor, nombre, descripcion, forma_atender, estado)             VALUES (266,'PABLO CONCHA','(SE ENVIA AL MAIL SEGÚN LA ORDEN)','DOCTOR','ACTIVO');            INSERT INTO email (idemail, email) VALUES (2285, 'PABLOCONCHAN@GMAIL.COM');                 INSERT INTO doctor_has_email (doctor_iddoctor, email_idemail) VALUES (266,2285);            INSERT INTO email (idemail, email) VALUES (2286, 'CONTACTO@VIAMEDICAL.CL');                 INSERT INTO doctor_has_email (doctor_iddoctor, email_idemail) VALUES (266,2286);            INSERT INTO email (idemail, email) VALUES (2287, 'SIN CORREO');                 INSERT INTO doctor_has_email (doctor_iddoctor, email_idemail) VALUES (266,2287);            COMMIT;            ROLLBACK;
BEGIN;             INSERT INTO doctor (iddoctor, nombre, descripcion, forma_atender, estado)             VALUES (267,'PABLO IBAÑEZ','(SIN OBSERVACION)','DOCTOR','ACTIVO');            INSERT INTO email (idemail, email) VALUES (2288, 'PAIBANEZ@UTALCA.CL');                 INSERT INTO doctor_has_email (doctor_iddoctor, email_idemail) VALUES (267,2288);            INSERT INTO email (idemail, email) VALUES (2289, 'SIN CORREO');                 INSERT INTO doctor_has_email (doctor_iddoctor, email_idemail) VALUES (267,2289);            INSERT INTO email (idemail, email) VALUES (2290, 'SIN CORREO');                 INSERT INTO doctor_has_email (doctor_iddoctor, email_idemail) VALUES (267,2290);            COMMIT;            ROLLBACK;
BEGIN;             INSERT INTO doctor (iddoctor, nombre, descripcion, forma_atender, estado)             VALUES (268,'PABLO REYES','(SE ENVIA AL MAIL SEGÚN LA ORDEN)','DOCTOR','ACTIVO');            INSERT INTO email (idemail, email) VALUES (2291, 'RX.CIRUDENT@GMAIL.COM');                 INSERT INTO doctor_has_email (doctor_iddoctor, email_idemail) VALUES (268,2291);            INSERT INTO email (idemail, email) VALUES (2292, 'DR.PABLOREYESOLAVE@GMAIL.COM');                 INSERT INTO doctor_has_email (doctor_iddoctor, email_idemail) VALUES (268,2292);            INSERT INTO email (idemail, email) VALUES (2293, 'SIN CORREO');                 INSERT INTO doctor_has_email (doctor_iddoctor, email_idemail) VALUES (268,2293);            COMMIT;            ROLLBACK;
BEGIN;             INSERT INTO doctor (iddoctor, nombre, descripcion, forma_atender, estado)             VALUES (269,'PABLO VARGAS','(SIN OBSERVACION)','DOCTOR','ACTIVO');            INSERT INTO email (idemail, email) VALUES (2294, 'PABLOVARGAS.110@GMAIL.COM');                 INSERT INTO doctor_has_email (doctor_iddoctor, email_idemail) VALUES (269,2294);            INSERT INTO email (idemail, email) VALUES (2295, 'SIN CORREO');                 INSERT INTO doctor_has_email (doctor_iddoctor, email_idemail) VALUES (269,2295);            INSERT INTO email (idemail, email) VALUES (2296, 'SIN CORREO');                 INSERT INTO doctor_has_email (doctor_iddoctor, email_idemail) VALUES (269,2296);            COMMIT;            ROLLBACK;
BEGIN;             INSERT INTO doctor (iddoctor, nombre, descripcion, forma_atender, estado)             VALUES (270,'PABLO VEJAR','(SE ENVIA AL MAIL SEGÚN LA ORDEN)','DOCTOR','ACTIVO');            INSERT INTO email (idemail, email) VALUES (2297, 'DR.PABLOVEJARSALMERON@GMAIL.COM');                 INSERT INTO doctor_has_email (doctor_iddoctor, email_idemail) VALUES (270,2297);            INSERT INTO email (idemail, email) VALUES (2298, 'ELPEHUENUNOSUR.RX@GMAIL.COM');                 INSERT INTO doctor_has_email (doctor_iddoctor, email_idemail) VALUES (270,2298);            INSERT INTO email (idemail, email) VALUES (2299, 'SIN CORREO');                 INSERT INTO doctor_has_email (doctor_iddoctor, email_idemail) VALUES (270,2299);            COMMIT;            ROLLBACK;
BEGIN;             INSERT INTO doctor (iddoctor, nombre, descripcion, forma_atender, estado)             VALUES (271,'PAMELA GONZALEZ','(SIN OBSERVACION)','DOCTOR','ACTIVO');            INSERT INTO email (idemail, email) VALUES (2300, 'VARASGONZALEZODONTOLOGIA@GMAIL.COM');                 INSERT INTO doctor_has_email (doctor_iddoctor, email_idemail) VALUES (271,2300);            INSERT INTO email (idemail, email) VALUES (2301, 'SIN CORREO');                 INSERT INTO doctor_has_email (doctor_iddoctor, email_idemail) VALUES (271,2301);            INSERT INTO email (idemail, email) VALUES (2302, 'SIN CORREO');                 INSERT INTO doctor_has_email (doctor_iddoctor, email_idemail) VALUES (271,2302);            COMMIT;            ROLLBACK;
BEGIN;             INSERT INTO doctor (iddoctor, nombre, descripcion, forma_atender, estado)             VALUES (272,'PAOLA AZOCAR','(SIN OBSERVACION)','DOCTOR','ACTIVO');            INSERT INTO email (idemail, email) VALUES (2303, 'RXAMATUSONRISA@GMAIL.COM');                 INSERT INTO doctor_has_email (doctor_iddoctor, email_idemail) VALUES (272,2303);            INSERT INTO email (idemail, email) VALUES (2304, 'SIN CORREO');                 INSERT INTO doctor_has_email (doctor_iddoctor, email_idemail) VALUES (272,2304);            INSERT INTO email (idemail, email) VALUES (2305, 'SIN CORREO');                 INSERT INTO doctor_has_email (doctor_iddoctor, email_idemail) VALUES (272,2305);            COMMIT;            ROLLBACK;
BEGIN;             INSERT INTO doctor (iddoctor, nombre, descripcion, forma_atender, estado)             VALUES (273,'PAOLA AZOCAR','(SIN OBSERVACION)','DOCTOR','ACTIVO');            INSERT INTO email (idemail, email) VALUES (2306, 'DRAPAZOCAR@GMAIL.COM');                 INSERT INTO doctor_has_email (doctor_iddoctor, email_idemail) VALUES (273,2306);            INSERT INTO email (idemail, email) VALUES (2307, 'SIN CORREO');                 INSERT INTO doctor_has_email (doctor_iddoctor, email_idemail) VALUES (273,2307);            INSERT INTO email (idemail, email) VALUES (2308, 'SIN CORREO');                 INSERT INTO doctor_has_email (doctor_iddoctor, email_idemail) VALUES (273,2308);            COMMIT;            ROLLBACK;
BEGIN;             INSERT INTO doctor (iddoctor, nombre, descripcion, forma_atender, estado)             VALUES (274,'PAOLA CANDIA','(SIN OBSERVACION)','DOCTOR','ACTIVO');            INSERT INTO email (idemail, email) VALUES (2309, 'PAOLACANDIA@GMAIL.COM');                 INSERT INTO doctor_has_email (doctor_iddoctor, email_idemail) VALUES (274,2309);            INSERT INTO email (idemail, email) VALUES (2310, 'SIN CORREO');                 INSERT INTO doctor_has_email (doctor_iddoctor, email_idemail) VALUES (274,2310);            INSERT INTO email (idemail, email) VALUES (2311, 'SIN CORREO');                 INSERT INTO doctor_has_email (doctor_iddoctor, email_idemail) VALUES (274,2311);            COMMIT;            ROLLBACK;
BEGIN;             INSERT INTO doctor (iddoctor, nombre, descripcion, forma_atender, estado)             VALUES (275,'PAOLA COFRE JARA','(SIN OBSERVACION)','DOCTOR','ACTIVO');            INSERT INTO email (idemail, email) VALUES (2312, 'PCOFREJ@GMAIL.COM');                 INSERT INTO doctor_has_email (doctor_iddoctor, email_idemail) VALUES (275,2312);            INSERT INTO email (idemail, email) VALUES (2313, 'SIN CORREO');                 INSERT INTO doctor_has_email (doctor_iddoctor, email_idemail) VALUES (275,2313);            INSERT INTO email (idemail, email) VALUES (2314, 'SIN CORREO');                 INSERT INTO doctor_has_email (doctor_iddoctor, email_idemail) VALUES (275,2314);            COMMIT;            ROLLBACK;
BEGIN;             INSERT INTO doctor (iddoctor, nombre, descripcion, forma_atender, estado)             VALUES (276,'PATRICIA MUÑOZ QUINTERO','(SIN OBSERVACION)','DOCTOR','ACTIVO');            INSERT INTO email (idemail, email) VALUES (2315, 'PATRICIA.MUNOZ.QUINTERO@GMAIL.COM');                 INSERT INTO doctor_has_email (doctor_iddoctor, email_idemail) VALUES (276,2315);            INSERT INTO email (idemail, email) VALUES (2316, 'SIN CORREO');                 INSERT INTO doctor_has_email (doctor_iddoctor, email_idemail) VALUES (276,2316);            INSERT INTO email (idemail, email) VALUES (2317, 'SIN CORREO');                 INSERT INTO doctor_has_email (doctor_iddoctor, email_idemail) VALUES (276,2317);            COMMIT;            ROLLBACK;
BEGIN;             INSERT INTO doctor (iddoctor, nombre, descripcion, forma_atender, estado)             VALUES (277,'PATRICIA SALINAS','(SIN OBSERVACION)','DOCTOR','ACTIVO');            INSERT INTO email (idemail, email) VALUES (2318, 'LYMCENTROODONTOLOGICO@GMAIL.COM');                 INSERT INTO doctor_has_email (doctor_iddoctor, email_idemail) VALUES (277,2318);            INSERT INTO email (idemail, email) VALUES (2319, 'SIN CORREO');                 INSERT INTO doctor_has_email (doctor_iddoctor, email_idemail) VALUES (277,2319);            INSERT INTO email (idemail, email) VALUES (2320, 'SIN CORREO');                 INSERT INTO doctor_has_email (doctor_iddoctor, email_idemail) VALUES (277,2320);            COMMIT;            ROLLBACK;
BEGIN;             INSERT INTO doctor (iddoctor, nombre, descripcion, forma_atender, estado)             VALUES (278,'PATRICIO ROBLES','(SIN OBSERVACION)','DOCTOR','ACTIVO');            INSERT INTO email (idemail, email) VALUES (2321, 'PATRICIOROBLESF@GMAIL.COM');                 INSERT INTO doctor_has_email (doctor_iddoctor, email_idemail) VALUES (278,2321);            INSERT INTO email (idemail, email) VALUES (2322, 'SIN CORREO');                 INSERT INTO doctor_has_email (doctor_iddoctor, email_idemail) VALUES (278,2322);            INSERT INTO email (idemail, email) VALUES (2323, 'SIN CORREO');                 INSERT INTO doctor_has_email (doctor_iddoctor, email_idemail) VALUES (278,2323);            COMMIT;            ROLLBACK;
BEGIN;             INSERT INTO doctor (iddoctor, nombre, descripcion, forma_atender, estado)             VALUES (279,'PAULA AGUILERA','(SIN OBSERVACION)','DOCTOR','ACTIVO');            INSERT INTO email (idemail, email) VALUES (2324, 'ESPECIALIDADESAYB@GMAIL.COM');                 INSERT INTO doctor_has_email (doctor_iddoctor, email_idemail) VALUES (279,2324);            INSERT INTO email (idemail, email) VALUES (2325, 'SIN CORREO');                 INSERT INTO doctor_has_email (doctor_iddoctor, email_idemail) VALUES (279,2325);            INSERT INTO email (idemail, email) VALUES (2326, 'SIN CORREO');                 INSERT INTO doctor_has_email (doctor_iddoctor, email_idemail) VALUES (279,2326);            COMMIT;            ROLLBACK;
BEGIN;             INSERT INTO doctor (iddoctor, nombre, descripcion, forma_atender, estado)             VALUES (280,'PAULA CONTRERAS','(SIN OBSERVACION)','DOCTOR','ACTIVO');            INSERT INTO email (idemail, email) VALUES (2327, 'ODONTOLOGIALASRASTRAS@GMAIL.COM');                 INSERT INTO doctor_has_email (doctor_iddoctor, email_idemail) VALUES (280,2327);            INSERT INTO email (idemail, email) VALUES (2328, 'SIN CORREO');                 INSERT INTO doctor_has_email (doctor_iddoctor, email_idemail) VALUES (280,2328);            INSERT INTO email (idemail, email) VALUES (2329, 'SIN CORREO');                 INSERT INTO doctor_has_email (doctor_iddoctor, email_idemail) VALUES (280,2329);            COMMIT;            ROLLBACK;
BEGIN;             INSERT INTO doctor (iddoctor, nombre, descripcion, forma_atender, estado)             VALUES (281,'PAULA GOMEZ PARADA','(SIN OBSERVACION)','DOCTOR','ACTIVO');            INSERT INTO email (idemail, email) VALUES (2330, 'PAULAGOMEZPARADA@GMAIL.COM');                 INSERT INTO doctor_has_email (doctor_iddoctor, email_idemail) VALUES (281,2330);            INSERT INTO email (idemail, email) VALUES (2331, 'SIN CORREO');                 INSERT INTO doctor_has_email (doctor_iddoctor, email_idemail) VALUES (281,2331);            INSERT INTO email (idemail, email) VALUES (2332, 'SIN CORREO');                 INSERT INTO doctor_has_email (doctor_iddoctor, email_idemail) VALUES (281,2332);            COMMIT;            ROLLBACK;
BEGIN;             INSERT INTO doctor (iddoctor, nombre, descripcion, forma_atender, estado)             VALUES (282,'PAULA QUEZADA','(SIN OBSERVACION)','DOCTOR','ACTIVO');            INSERT INTO email (idemail, email) VALUES (2333, 'PAULAQUEZADAALBORNOZ@GMAIL.COM');                 INSERT INTO doctor_has_email (doctor_iddoctor, email_idemail) VALUES (282,2333);            INSERT INTO email (idemail, email) VALUES (2334, 'SIN CORREO');                 INSERT INTO doctor_has_email (doctor_iddoctor, email_idemail) VALUES (282,2334);            INSERT INTO email (idemail, email) VALUES (2335, 'SIN CORREO');                 INSERT INTO doctor_has_email (doctor_iddoctor, email_idemail) VALUES (282,2335);            COMMIT;            ROLLBACK;
BEGIN;             INSERT INTO doctor (iddoctor, nombre, descripcion, forma_atender, estado)             VALUES (283,'PAULA RAMIREZ','(SE ENVIA AL MAIL SEGÚN LA ORDEN)','DOCTOR','ACTIVO');            INSERT INTO email (idemail, email) VALUES (2336, 'RX.DOCESPONJA@GMAIL.COM');                 INSERT INTO doctor_has_email (doctor_iddoctor, email_idemail) VALUES (283,2336);            INSERT INTO email (idemail, email) VALUES (2337, 'CONTACTO@CREOSALUD.COM');                 INSERT INTO doctor_has_email (doctor_iddoctor, email_idemail) VALUES (283,2337);            INSERT INTO email (idemail, email) VALUES (2338, 'SIN CORREO');                 INSERT INTO doctor_has_email (doctor_iddoctor, email_idemail) VALUES (283,2338);            COMMIT;            ROLLBACK;
BEGIN;             INSERT INTO doctor (iddoctor, nombre, descripcion, forma_atender, estado)             VALUES (284,'PAULA TAPIA ARANCIBIA','(SIN OBSERVACION)','DOCTOR','ACTIVO');            INSERT INTO email (idemail, email) VALUES (2339, 'RXRIOCLARO@GMAIL.COM');                 INSERT INTO doctor_has_email (doctor_iddoctor, email_idemail) VALUES (284,2339);            INSERT INTO email (idemail, email) VALUES (2340, 'SIN CORREO');                 INSERT INTO doctor_has_email (doctor_iddoctor, email_idemail) VALUES (284,2340);            INSERT INTO email (idemail, email) VALUES (2341, 'SIN CORREO');                 INSERT INTO doctor_has_email (doctor_iddoctor, email_idemail) VALUES (284,2341);            COMMIT;            ROLLBACK;
BEGIN;             INSERT INTO doctor (iddoctor, nombre, descripcion, forma_atender, estado)             VALUES (285,'PAULA TOLEDO','(SIN OBSERVACION)','DOCTOR','ACTIVO');            INSERT INTO email (idemail, email) VALUES (2342, 'DRA.PAULATOLEDO@GMAIL.COM');                 INSERT INTO doctor_has_email (doctor_iddoctor, email_idemail) VALUES (285,2342);            INSERT INTO email (idemail, email) VALUES (2343, 'SIN CORREO');                 INSERT INTO doctor_has_email (doctor_iddoctor, email_idemail) VALUES (285,2343);            INSERT INTO email (idemail, email) VALUES (2344, 'SIN CORREO');                 INSERT INTO doctor_has_email (doctor_iddoctor, email_idemail) VALUES (285,2344);            COMMIT;            ROLLBACK;
BEGIN;             INSERT INTO doctor (iddoctor, nombre, descripcion, forma_atender, estado)             VALUES (286,'PAULA VALENZUELA','(SE ENVIA AL MAIL SEGÚN LA ORDEN)','DOCTOR','ACTIVO');            INSERT INTO email (idemail, email) VALUES (2345, 'PAULAVORTODONCIA@GMAIL.COM');                 INSERT INTO doctor_has_email (doctor_iddoctor, email_idemail) VALUES (286,2345);            INSERT INTO email (idemail, email) VALUES (2346, 'PAULAVALENZUELADIAZ@GMAIL.COM');                 INSERT INTO doctor_has_email (doctor_iddoctor, email_idemail) VALUES (286,2346);            INSERT INTO email (idemail, email) VALUES (2347, 'SIN CORREO');                 INSERT INTO doctor_has_email (doctor_iddoctor, email_idemail) VALUES (286,2347);            COMMIT;            ROLLBACK;
BEGIN;             INSERT INTO doctor (iddoctor, nombre, descripcion, forma_atender, estado)             VALUES (287,'PAULINA MUÑOZ','(SE ENVIA AL MAIL SEGÚN LA ORDEN)','DOCTOR','ACTIVO');            INSERT INTO email (idemail, email) VALUES (2348, 'CLINICADENTALCUMBRESDELMAULE@GMAIL.COM');                 INSERT INTO doctor_has_email (doctor_iddoctor, email_idemail) VALUES (287,2348);            INSERT INTO email (idemail, email) VALUES (2349, 'PAULINA.A.MUNOZ.A@HOTMAIL.CL');                 INSERT INTO doctor_has_email (doctor_iddoctor, email_idemail) VALUES (287,2349);            INSERT INTO email (idemail, email) VALUES (2350, 'SIN CORREO');                 INSERT INTO doctor_has_email (doctor_iddoctor, email_idemail) VALUES (287,2350);            COMMIT;            ROLLBACK;
BEGIN;             INSERT INTO doctor (iddoctor, nombre, descripcion, forma_atender, estado)             VALUES (288,'PAULINA ZAPATA','(SIN OBSERVACION)','DOCTOR','ACTIVO');            INSERT INTO email (idemail, email) VALUES (2351, 'CDPAULINA.ZAPATAM@GMAIL.COM');                 INSERT INTO doctor_has_email (doctor_iddoctor, email_idemail) VALUES (288,2351);            INSERT INTO email (idemail, email) VALUES (2352, 'SIN CORREO');                 INSERT INTO doctor_has_email (doctor_iddoctor, email_idemail) VALUES (288,2352);            INSERT INTO email (idemail, email) VALUES (2353, 'SIN CORREO');                 INSERT INTO doctor_has_email (doctor_iddoctor, email_idemail) VALUES (288,2353);            COMMIT;            ROLLBACK;
BEGIN;             INSERT INTO doctor (iddoctor, nombre, descripcion, forma_atender, estado)             VALUES (289,'PAULINA ZUÑIGA','(SIN OBSERVACION)','DOCTOR','ACTIVO');            INSERT INTO email (idemail, email) VALUES (2354, 'OPTIMADENTAL@HOTMAIL.COM');                 INSERT INTO doctor_has_email (doctor_iddoctor, email_idemail) VALUES (289,2354);            INSERT INTO email (idemail, email) VALUES (2355, 'SIN CORREO');                 INSERT INTO doctor_has_email (doctor_iddoctor, email_idemail) VALUES (289,2355);            INSERT INTO email (idemail, email) VALUES (2356, 'SIN CORREO');                 INSERT INTO doctor_has_email (doctor_iddoctor, email_idemail) VALUES (289,2356);            COMMIT;            ROLLBACK;
BEGIN;             INSERT INTO doctor (iddoctor, nombre, descripcion, forma_atender, estado)             VALUES (290,'PÍA ABARZA','(SE ENVIA AL MAIL SEGÚN LA ORDEN)','DOCTOR','ACTIVO');            INSERT INTO email (idemail, email) VALUES (2357, 'ELPEHUENTALCA.RX@GMAIL.COM');                 INSERT INTO doctor_has_email (doctor_iddoctor, email_idemail) VALUES (290,2357);            INSERT INTO email (idemail, email) VALUES (2358, 'PABARZA20@GMAIL.COM');                 INSERT INTO doctor_has_email (doctor_iddoctor, email_idemail) VALUES (290,2358);            INSERT INTO email (idemail, email) VALUES (2359, 'SIN CORREO');                 INSERT INTO doctor_has_email (doctor_iddoctor, email_idemail) VALUES (290,2359);            COMMIT;            ROLLBACK;
BEGIN;             INSERT INTO doctor (iddoctor, nombre, descripcion, forma_atender, estado)             VALUES (291,'PIA TRONCOSO','(SIN OBSERVACION)','DOCTOR','ACTIVO');            INSERT INTO email (idemail, email) VALUES (2360, 'DRA.PIATRONCOSO@GMAIL.COM');                 INSERT INTO doctor_has_email (doctor_iddoctor, email_idemail) VALUES (291,2360);            INSERT INTO email (idemail, email) VALUES (2361, 'SIN CORREO');                 INSERT INTO doctor_has_email (doctor_iddoctor, email_idemail) VALUES (291,2361);            INSERT INTO email (idemail, email) VALUES (2362, 'SIN CORREO');                 INSERT INTO doctor_has_email (doctor_iddoctor, email_idemail) VALUES (291,2362);            COMMIT;            ROLLBACK;
BEGIN;             INSERT INTO doctor (iddoctor, nombre, descripcion, forma_atender, estado)             VALUES (292,'PIA VAN DORSEE','(SIN OBSERVACION)','DOCTOR','ACTIVO');            INSERT INTO email (idemail, email) VALUES (2363, 'PKVANDORSEE@HOTMAIL.COM');                 INSERT INTO doctor_has_email (doctor_iddoctor, email_idemail) VALUES (292,2363);            INSERT INTO email (idemail, email) VALUES (2364, 'SIN CORREO');                 INSERT INTO doctor_has_email (doctor_iddoctor, email_idemail) VALUES (292,2364);            INSERT INTO email (idemail, email) VALUES (2365, 'SIN CORREO');                 INSERT INTO doctor_has_email (doctor_iddoctor, email_idemail) VALUES (292,2365);            COMMIT;            ROLLBACK;
BEGIN;             INSERT INTO doctor (iddoctor, nombre, descripcion, forma_atender, estado)             VALUES (293,'PILAR TAPIA','(SIN OBSERVACION)','DOCTOR','ACTIVO');            INSERT INTO email (idemail, email) VALUES (2366, 'PILARTAPIAL@GMAIL.COM');                 INSERT INTO doctor_has_email (doctor_iddoctor, email_idemail) VALUES (293,2366);            INSERT INTO email (idemail, email) VALUES (2367, 'SIN CORREO');                 INSERT INTO doctor_has_email (doctor_iddoctor, email_idemail) VALUES (293,2367);            INSERT INTO email (idemail, email) VALUES (2368, 'SIN CORREO');                 INSERT INTO doctor_has_email (doctor_iddoctor, email_idemail) VALUES (293,2368);            COMMIT;            ROLLBACK;
BEGIN;             INSERT INTO doctor (iddoctor, nombre, descripcion, forma_atender, estado)             VALUES (294,'PRISCILLA MIMICA','(SIN OBSERVACION)','DOCTOR','ACTIVO');            INSERT INTO email (idemail, email) VALUES (2369, 'PRISCILLA.MIMICA@GMAIL.COM');                 INSERT INTO doctor_has_email (doctor_iddoctor, email_idemail) VALUES (294,2369);            INSERT INTO email (idemail, email) VALUES (2370, 'SIN CORREO');                 INSERT INTO doctor_has_email (doctor_iddoctor, email_idemail) VALUES (294,2370);            INSERT INTO email (idemail, email) VALUES (2371, 'SIN CORREO');                 INSERT INTO doctor_has_email (doctor_iddoctor, email_idemail) VALUES (294,2371);            COMMIT;            ROLLBACK;
BEGIN;             INSERT INTO doctor (iddoctor, nombre, descripcion, forma_atender, estado)             VALUES (295,'RAMIRO ACEVEDO','(SIN OBSERVACION)','DOCTOR','ACTIVO');            INSERT INTO email (idemail, email) VALUES (2372, 'RAMIROACEVEDOG.31@GMAIL.COM');                 INSERT INTO doctor_has_email (doctor_iddoctor, email_idemail) VALUES (295,2372);            INSERT INTO email (idemail, email) VALUES (2373, 'SIN CORREO');                 INSERT INTO doctor_has_email (doctor_iddoctor, email_idemail) VALUES (295,2373);            INSERT INTO email (idemail, email) VALUES (2374, 'SIN CORREO');                 INSERT INTO doctor_has_email (doctor_iddoctor, email_idemail) VALUES (295,2374);            COMMIT;            ROLLBACK;
BEGIN;             INSERT INTO doctor (iddoctor, nombre, descripcion, forma_atender, estado)             VALUES (296,'RAMIRO CASTRO','(SIN OBSERVACION)','DOCTOR','ACTIVO');            INSERT INTO email (idemail, email) VALUES (2375, 'CLINICACASTROCONTARDO@GMAIL.COM');                 INSERT INTO doctor_has_email (doctor_iddoctor, email_idemail) VALUES (296,2375);            INSERT INTO email (idemail, email) VALUES (2376, 'SIN CORREO');                 INSERT INTO doctor_has_email (doctor_iddoctor, email_idemail) VALUES (296,2376);            INSERT INTO email (idemail, email) VALUES (2377, 'SIN CORREO');                 INSERT INTO doctor_has_email (doctor_iddoctor, email_idemail) VALUES (296,2377);            COMMIT;            ROLLBACK;
BEGIN;             INSERT INTO doctor (iddoctor, nombre, descripcion, forma_atender, estado)             VALUES (297,'RENZO RIVANO','(SIN OBSERVACION)','DOCTOR','ACTIVO');            INSERT INTO email (idemail, email) VALUES (2378, 'RAYOS@CLINICAPUCHI.CL');                 INSERT INTO doctor_has_email (doctor_iddoctor, email_idemail) VALUES (297,2378);            INSERT INTO email (idemail, email) VALUES (2379, 'SIN CORREO');                 INSERT INTO doctor_has_email (doctor_iddoctor, email_idemail) VALUES (297,2379);            INSERT INTO email (idemail, email) VALUES (2380, 'SIN CORREO');                 INSERT INTO doctor_has_email (doctor_iddoctor, email_idemail) VALUES (297,2380);            COMMIT;            ROLLBACK;
BEGIN;             INSERT INTO doctor (iddoctor, nombre, descripcion, forma_atender, estado)             VALUES (298,'RICARDO URRUTIA','(SIN OBSERVACION)','DOCTOR','ACTIVO');            INSERT INTO email (idemail, email) VALUES (2381, 'DR.RICARDO.URRUTIA@GMAIL.COM');                 INSERT INTO doctor_has_email (doctor_iddoctor, email_idemail) VALUES (298,2381);            INSERT INTO email (idemail, email) VALUES (2382, 'SIN CORREO');                 INSERT INTO doctor_has_email (doctor_iddoctor, email_idemail) VALUES (298,2382);            INSERT INTO email (idemail, email) VALUES (2383, 'SIN CORREO');                 INSERT INTO doctor_has_email (doctor_iddoctor, email_idemail) VALUES (298,2383);            COMMIT;            ROLLBACK;
BEGIN;             INSERT INTO doctor (iddoctor, nombre, descripcion, forma_atender, estado)             VALUES (299,'RICARDO VALDES','(SIN OBSERVACION)','DOCTOR','ACTIVO');            INSERT INTO email (idemail, email) VALUES (2384, 'CLINICAOITALCA@GMAIL.COM');                 INSERT INTO doctor_has_email (doctor_iddoctor, email_idemail) VALUES (299,2384);            INSERT INTO email (idemail, email) VALUES (2385, 'SIN CORREO');                 INSERT INTO doctor_has_email (doctor_iddoctor, email_idemail) VALUES (299,2385);            INSERT INTO email (idemail, email) VALUES (2386, 'SIN CORREO');                 INSERT INTO doctor_has_email (doctor_iddoctor, email_idemail) VALUES (299,2386);            COMMIT;            ROLLBACK;
BEGIN;             INSERT INTO doctor (iddoctor, nombre, descripcion, forma_atender, estado)             VALUES (300,'ROCIO VELOSO','(SIN OBSERVACION)','DOCTOR','ACTIVO');            INSERT INTO email (idemail, email) VALUES (2387, 'SMILECLINICTALCA@GMAIL.COM');                 INSERT INTO doctor_has_email (doctor_iddoctor, email_idemail) VALUES (300,2387);            INSERT INTO email (idemail, email) VALUES (2388, 'SIN CORREO');                 INSERT INTO doctor_has_email (doctor_iddoctor, email_idemail) VALUES (300,2388);            INSERT INTO email (idemail, email) VALUES (2389, 'SIN CORREO');                 INSERT INTO doctor_has_email (doctor_iddoctor, email_idemail) VALUES (300,2389);            COMMIT;            ROLLBACK;
BEGIN;             INSERT INTO doctor (iddoctor, nombre, descripcion, forma_atender, estado)             VALUES (301,'RODOLFO CALDERON','(SIN OBSERVACION)','DOCTOR','ACTIVO');            INSERT INTO email (idemail, email) VALUES (2390, 'RCALDERON@CLINICALASCRUCES.CL');                 INSERT INTO doctor_has_email (doctor_iddoctor, email_idemail) VALUES (301,2390);            INSERT INTO email (idemail, email) VALUES (2391, 'SIN CORREO');                 INSERT INTO doctor_has_email (doctor_iddoctor, email_idemail) VALUES (301,2391);            INSERT INTO email (idemail, email) VALUES (2392, 'SIN CORREO');                 INSERT INTO doctor_has_email (doctor_iddoctor, email_idemail) VALUES (301,2392);            COMMIT;            ROLLBACK;
BEGIN;             INSERT INTO doctor (iddoctor, nombre, descripcion, forma_atender, estado)             VALUES (302,'RODRIGO DAZA','(SIN OBSERVACION)','DOCTOR','ACTIVO');            INSERT INTO email (idemail, email) VALUES (2393, 'CLINICADENTALAPEX@GMAIL.COM');                 INSERT INTO doctor_has_email (doctor_iddoctor, email_idemail) VALUES (302,2393);            INSERT INTO email (idemail, email) VALUES (2394, 'SIN CORREO');                 INSERT INTO doctor_has_email (doctor_iddoctor, email_idemail) VALUES (302,2394);            INSERT INTO email (idemail, email) VALUES (2395, 'SIN CORREO');                 INSERT INTO doctor_has_email (doctor_iddoctor, email_idemail) VALUES (302,2395);            COMMIT;            ROLLBACK;
BEGIN;             INSERT INTO doctor (iddoctor, nombre, descripcion, forma_atender, estado)             VALUES (303,'RODRIGO HURTADO','(SIN OBSERVACION)','DOCTOR','ACTIVO');            INSERT INTO email (idemail, email) VALUES (2396, 'CLINICACASTROCONTARDO@GMAIL.COM');                 INSERT INTO doctor_has_email (doctor_iddoctor, email_idemail) VALUES (303,2396);            INSERT INTO email (idemail, email) VALUES (2397, 'SIN CORREO');                 INSERT INTO doctor_has_email (doctor_iddoctor, email_idemail) VALUES (303,2397);            INSERT INTO email (idemail, email) VALUES (2398, 'SIN CORREO');                 INSERT INTO doctor_has_email (doctor_iddoctor, email_idemail) VALUES (303,2398);            COMMIT;            ROLLBACK;
BEGIN;             INSERT INTO doctor (iddoctor, nombre, descripcion, forma_atender, estado)             VALUES (304,'RODRIGO MUÑOZ CORTES','(SE ENVIA AL MAIL SEGÚN LA ORDEN)','DOCTOR','ACTIVO');            INSERT INTO email (idemail, email) VALUES (2399, 'RMUNOZC@HOSPITALDETALCA.CL');                 INSERT INTO doctor_has_email (doctor_iddoctor, email_idemail) VALUES (304,2399);            INSERT INTO email (idemail, email) VALUES (2400, 'CONSULTACIBUMAC@GMAIL.COM');                 INSERT INTO doctor_has_email (doctor_iddoctor, email_idemail) VALUES (304,2400);            INSERT INTO email (idemail, email) VALUES (2401, 'SIN CORREO');                 INSERT INTO doctor_has_email (doctor_iddoctor, email_idemail) VALUES (304,2401);            COMMIT;            ROLLBACK;
BEGIN;             INSERT INTO doctor (iddoctor, nombre, descripcion, forma_atender, estado)             VALUES (305,'RODRIGO UMAÑA','(SE DEBE ENVIAR A AMBOS CORREOS)','DOCTOR','ACTIVO');            INSERT INTO email (idemail, email) VALUES (2402, 'ZARORTODONCIA@HOTMAIL.COM');                 INSERT INTO doctor_has_email (doctor_iddoctor, email_idemail) VALUES (305,2402);            INSERT INTO email (idemail, email) VALUES (2403, 'ODONTOLOGICOSINTEGRALES@HOTMAIL.COM');                 INSERT INTO doctor_has_email (doctor_iddoctor, email_idemail) VALUES (305,2403);            INSERT INTO email (idemail, email) VALUES (2404, 'SIN CORREO');                 INSERT INTO doctor_has_email (doctor_iddoctor, email_idemail) VALUES (305,2404);            COMMIT;            ROLLBACK;
BEGIN;             INSERT INTO doctor (iddoctor, nombre, descripcion, forma_atender, estado)             VALUES (306,'RODRIGO VARGAS','(SIN OBSERVACION)','DOCTOR','ACTIVO');            INSERT INTO email (idemail, email) VALUES (2405, 'RODRIGOVARGASV@GMAIL.COM');                 INSERT INTO doctor_has_email (doctor_iddoctor, email_idemail) VALUES (306,2405);            INSERT INTO email (idemail, email) VALUES (2406, 'SIN CORREO');                 INSERT INTO doctor_has_email (doctor_iddoctor, email_idemail) VALUES (306,2406);            INSERT INTO email (idemail, email) VALUES (2407, 'SIN CORREO');                 INSERT INTO doctor_has_email (doctor_iddoctor, email_idemail) VALUES (306,2407);            COMMIT;            ROLLBACK;
BEGIN;             INSERT INTO doctor (iddoctor, nombre, descripcion, forma_atender, estado)             VALUES (307,'RODRIGO ZAROR','(SE DEBE ENVIAR A AMBOS CORREOS)','DOCTOR','ACTIVO');            INSERT INTO email (idemail, email) VALUES (2408, 'ZARORTODONCIA@HOTMAIL.COM');                 INSERT INTO doctor_has_email (doctor_iddoctor, email_idemail) VALUES (307,2408);            INSERT INTO email (idemail, email) VALUES (2409, 'ODONTOLOGICOSINTEGRALES@HOTMAIL.COM');                 INSERT INTO doctor_has_email (doctor_iddoctor, email_idemail) VALUES (307,2409);            INSERT INTO email (idemail, email) VALUES (2410, 'SIN CORREO');                 INSERT INTO doctor_has_email (doctor_iddoctor, email_idemail) VALUES (307,2410);            COMMIT;            ROLLBACK;
BEGIN;             INSERT INTO doctor (iddoctor, nombre, descripcion, forma_atender, estado)             VALUES (308,'ROMILIO MORALES','(SIN OBSERVACION)','DOCTOR','ACTIVO');            INSERT INTO email (idemail, email) VALUES (2411, 'DRROMILIOMORALES@GMAIL.COM');                 INSERT INTO doctor_has_email (doctor_iddoctor, email_idemail) VALUES (308,2411);            INSERT INTO email (idemail, email) VALUES (2412, 'SIN CORREO');                 INSERT INTO doctor_has_email (doctor_iddoctor, email_idemail) VALUES (308,2412);            INSERT INTO email (idemail, email) VALUES (2413, 'SIN CORREO');                 INSERT INTO doctor_has_email (doctor_iddoctor, email_idemail) VALUES (308,2413);            COMMIT;            ROLLBACK;
BEGIN;             INSERT INTO doctor (iddoctor, nombre, descripcion, forma_atender, estado)             VALUES (309,'ROMINA HERNÁNDEZ','(SIN OBSERVACION)','DOCTOR','ACTIVO');            INSERT INTO email (idemail, email) VALUES (2414, 'R.HERNANDEZ.OLIVOS@GMAIL.COM');                 INSERT INTO doctor_has_email (doctor_iddoctor, email_idemail) VALUES (309,2414);            INSERT INTO email (idemail, email) VALUES (2415, 'SIN CORREO');                 INSERT INTO doctor_has_email (doctor_iddoctor, email_idemail) VALUES (309,2415);            INSERT INTO email (idemail, email) VALUES (2416, 'SIN CORREO');                 INSERT INTO doctor_has_email (doctor_iddoctor, email_idemail) VALUES (309,2416);            COMMIT;            ROLLBACK;
BEGIN;             INSERT INTO doctor (iddoctor, nombre, descripcion, forma_atender, estado)             VALUES (310,'ROSARIO CARDENAS','(SIN OBSERVACION)','DOCTOR','ACTIVO');            INSERT INTO email (idemail, email) VALUES (2417, 'ROSARIO.CARDENAS.C@HOTMAIL.COM');                 INSERT INTO doctor_has_email (doctor_iddoctor, email_idemail) VALUES (310,2417);            INSERT INTO email (idemail, email) VALUES (2418, 'SIN CORREO');                 INSERT INTO doctor_has_email (doctor_iddoctor, email_idemail) VALUES (310,2418);            INSERT INTO email (idemail, email) VALUES (2419, 'SIN CORREO');                 INSERT INTO doctor_has_email (doctor_iddoctor, email_idemail) VALUES (310,2419);            COMMIT;            ROLLBACK;
BEGIN;             INSERT INTO doctor (iddoctor, nombre, descripcion, forma_atender, estado)             VALUES (311,'RUBEN GALLARDO','(SIN OBSERVACION)','DOCTOR','ACTIVO');            INSERT INTO email (idemail, email) VALUES (2420, 'CLINICANOSTRA@GMAIL.COM');                 INSERT INTO doctor_has_email (doctor_iddoctor, email_idemail) VALUES (311,2420);            INSERT INTO email (idemail, email) VALUES (2421, 'SIN CORREO');                 INSERT INTO doctor_has_email (doctor_iddoctor, email_idemail) VALUES (311,2421);            INSERT INTO email (idemail, email) VALUES (2422, 'SIN CORREO');                 INSERT INTO doctor_has_email (doctor_iddoctor, email_idemail) VALUES (311,2422);            COMMIT;            ROLLBACK;
BEGIN;             INSERT INTO doctor (iddoctor, nombre, descripcion, forma_atender, estado)             VALUES (312,'RUBÉN VALDÉS','(SIN OBSERVACION)','DOCTOR','ACTIVO');            INSERT INTO email (idemail, email) VALUES (2423, 'RUB3NS@GMAIL.COM');                 INSERT INTO doctor_has_email (doctor_iddoctor, email_idemail) VALUES (312,2423);            INSERT INTO email (idemail, email) VALUES (2424, 'SIN CORREO');                 INSERT INTO doctor_has_email (doctor_iddoctor, email_idemail) VALUES (312,2424);            INSERT INTO email (idemail, email) VALUES (2425, 'SIN CORREO');                 INSERT INTO doctor_has_email (doctor_iddoctor, email_idemail) VALUES (312,2425);            COMMIT;            ROLLBACK;
BEGIN;             INSERT INTO doctor (iddoctor, nombre, descripcion, forma_atender, estado)             VALUES (313,'RUTH ASTORGA','(SIN OBSERVACION)','DOCTOR','ACTIVO');            INSERT INTO email (idemail, email) VALUES (2426, 'R.ASTORGA.ALLENDE@GMAIL.COM');                 INSERT INTO doctor_has_email (doctor_iddoctor, email_idemail) VALUES (313,2426);            INSERT INTO email (idemail, email) VALUES (2427, 'SIN CORREO');                 INSERT INTO doctor_has_email (doctor_iddoctor, email_idemail) VALUES (313,2427);            INSERT INTO email (idemail, email) VALUES (2428, 'SIN CORREO');                 INSERT INTO doctor_has_email (doctor_iddoctor, email_idemail) VALUES (313,2428);            COMMIT;            ROLLBACK;
BEGIN;             INSERT INTO doctor (iddoctor, nombre, descripcion, forma_atender, estado)             VALUES (314,'RUTH DEL CAMPO','(SIN OBSERVACION)','DOCTOR','ACTIVO');            INSERT INTO email (idemail, email) VALUES (2429, 'RUTHISABEL0@GMAIL.COM');                 INSERT INTO doctor_has_email (doctor_iddoctor, email_idemail) VALUES (314,2429);            INSERT INTO email (idemail, email) VALUES (2430, 'SIN CORREO');                 INSERT INTO doctor_has_email (doctor_iddoctor, email_idemail) VALUES (314,2430);            INSERT INTO email (idemail, email) VALUES (2431, 'SIN CORREO');                 INSERT INTO doctor_has_email (doctor_iddoctor, email_idemail) VALUES (314,2431);            COMMIT;            ROLLBACK;
BEGIN;             INSERT INTO doctor (iddoctor, nombre, descripcion, forma_atender, estado)             VALUES (315,'SAMMY OPAZO','(SIN OBSERVACION)','DOCTOR','ACTIVO');            INSERT INTO email (idemail, email) VALUES (2432, 'TRICAHUECLINICADENTAL@GMAIL.COM');                 INSERT INTO doctor_has_email (doctor_iddoctor, email_idemail) VALUES (315,2432);            INSERT INTO email (idemail, email) VALUES (2433, 'SIN CORREO');                 INSERT INTO doctor_has_email (doctor_iddoctor, email_idemail) VALUES (315,2433);            INSERT INTO email (idemail, email) VALUES (2434, 'SIN CORREO');                 INSERT INTO doctor_has_email (doctor_iddoctor, email_idemail) VALUES (315,2434);            COMMIT;            ROLLBACK;
BEGIN;             INSERT INTO doctor (iddoctor, nombre, descripcion, forma_atender, estado)             VALUES (316,'SAMMY ZULEYMAN','(SIN OBSERVACION)','DOCTOR','ACTIVO');            INSERT INTO email (idemail, email) VALUES (2435, 'RXDRZULEYMAN@GMAIL.COM');                 INSERT INTO doctor_has_email (doctor_iddoctor, email_idemail) VALUES (316,2435);            INSERT INTO email (idemail, email) VALUES (2436, 'SIN CORREO');                 INSERT INTO doctor_has_email (doctor_iddoctor, email_idemail) VALUES (316,2436);            INSERT INTO email (idemail, email) VALUES (2437, 'SIN CORREO');                 INSERT INTO doctor_has_email (doctor_iddoctor, email_idemail) VALUES (316,2437);            COMMIT;            ROLLBACK;
BEGIN;             INSERT INTO doctor (iddoctor, nombre, descripcion, forma_atender, estado)             VALUES (317,'SANTIAGO MUÑOZ','(SE ENVIA AL MAIL SEGÚN LA ORDEN)','DOCTOR','ACTIVO');            INSERT INTO email (idemail, email) VALUES (2438, 'DRSANTIAGOMUNOZ@GMAIL.COM');                 INSERT INTO doctor_has_email (doctor_iddoctor, email_idemail) VALUES (317,2438);            INSERT INTO email (idemail, email) VALUES (2439, 'CLINICADENTALCUMBRESDELMAULE@GMAIL.COM');                 INSERT INTO doctor_has_email (doctor_iddoctor, email_idemail) VALUES (317,2439);            INSERT INTO email (idemail, email) VALUES (2440, 'SIN CORREO');                 INSERT INTO doctor_has_email (doctor_iddoctor, email_idemail) VALUES (317,2440);            COMMIT;            ROLLBACK;
BEGIN;             INSERT INTO doctor (iddoctor, nombre, descripcion, forma_atender, estado)             VALUES (318,'SCARLETT LEON','(SIN OBSERVACION)','DOCTOR','ACTIVO');            INSERT INTO email (idemail, email) VALUES (2441, 'CLINICADENTALPELARCO@GMAIL.COM');                 INSERT INTO doctor_has_email (doctor_iddoctor, email_idemail) VALUES (318,2441);            INSERT INTO email (idemail, email) VALUES (2442, 'SIN CORREO');                 INSERT INTO doctor_has_email (doctor_iddoctor, email_idemail) VALUES (318,2442);            INSERT INTO email (idemail, email) VALUES (2443, 'SIN CORREO');                 INSERT INTO doctor_has_email (doctor_iddoctor, email_idemail) VALUES (318,2443);            COMMIT;            ROLLBACK;
BEGIN;             INSERT INTO doctor (iddoctor, nombre, descripcion, forma_atender, estado)             VALUES (319,'SEBASTIAN COLOMA','(SIN OBSERVACION)','DOCTOR','ACTIVO');            INSERT INTO email (idemail, email) VALUES (2444, 'SCOLOMA47@GMAIL.COM');                 INSERT INTO doctor_has_email (doctor_iddoctor, email_idemail) VALUES (319,2444);            INSERT INTO email (idemail, email) VALUES (2445, 'SIN CORREO');                 INSERT INTO doctor_has_email (doctor_iddoctor, email_idemail) VALUES (319,2445);            INSERT INTO email (idemail, email) VALUES (2446, 'SIN CORREO');                 INSERT INTO doctor_has_email (doctor_iddoctor, email_idemail) VALUES (319,2446);            COMMIT;            ROLLBACK;
BEGIN;             INSERT INTO doctor (iddoctor, nombre, descripcion, forma_atender, estado)             VALUES (320,'SERGIO ESPINOZA','(SIN OBSERVACION)','DOCTOR','ACTIVO');            INSERT INTO email (idemail, email) VALUES (2447, 'AGENDA.CLINICAVISSAE@GMAIL.COM');                 INSERT INTO doctor_has_email (doctor_iddoctor, email_idemail) VALUES (320,2447);            INSERT INTO email (idemail, email) VALUES (2448, 'SIN CORREO');                 INSERT INTO doctor_has_email (doctor_iddoctor, email_idemail) VALUES (320,2448);            INSERT INTO email (idemail, email) VALUES (2449, 'SIN CORREO');                 INSERT INTO doctor_has_email (doctor_iddoctor, email_idemail) VALUES (320,2449);            COMMIT;            ROLLBACK;
BEGIN;             INSERT INTO doctor (iddoctor, nombre, descripcion, forma_atender, estado)             VALUES (321,'SERGIO FLORES MORENO','(SIN OBSERVACION)','DOCTOR','ACTIVO');            INSERT INTO email (idemail, email) VALUES (2450, 'SERGIOFLORESMORENO@GMAIL.COM');                 INSERT INTO doctor_has_email (doctor_iddoctor, email_idemail) VALUES (321,2450);            INSERT INTO email (idemail, email) VALUES (2451, 'SIN CORREO');                 INSERT INTO doctor_has_email (doctor_iddoctor, email_idemail) VALUES (321,2451);            INSERT INTO email (idemail, email) VALUES (2452, 'SIN CORREO');                 INSERT INTO doctor_has_email (doctor_iddoctor, email_idemail) VALUES (321,2452);            COMMIT;            ROLLBACK;
BEGIN;             INSERT INTO doctor (iddoctor, nombre, descripcion, forma_atender, estado)             VALUES (322,'SOLEDAD SUAZO','(SIN OBSERVACION)','DOCTOR','ACTIVO');            INSERT INTO email (idemail, email) VALUES (2453, 'SOLESUAZO.M@HOTMAIL.COM');                 INSERT INTO doctor_has_email (doctor_iddoctor, email_idemail) VALUES (322,2453);            INSERT INTO email (idemail, email) VALUES (2454, 'SIN CORREO');                 INSERT INTO doctor_has_email (doctor_iddoctor, email_idemail) VALUES (322,2454);            INSERT INTO email (idemail, email) VALUES (2455, 'SIN CORREO');                 INSERT INTO doctor_has_email (doctor_iddoctor, email_idemail) VALUES (322,2455);            COMMIT;            ROLLBACK;
BEGIN;             INSERT INTO doctor (iddoctor, nombre, descripcion, forma_atender, estado)             VALUES (323,'SOLEDAD TORRES','(SIN OBSERVACION)','DOCTOR','ACTIVO');            INSERT INTO email (idemail, email) VALUES (2456, 'DENTALSANCLEMENTE@GMAIL.COM');                 INSERT INTO doctor_has_email (doctor_iddoctor, email_idemail) VALUES (323,2456);            INSERT INTO email (idemail, email) VALUES (2457, 'SIN CORREO');                 INSERT INTO doctor_has_email (doctor_iddoctor, email_idemail) VALUES (323,2457);            INSERT INTO email (idemail, email) VALUES (2458, 'SIN CORREO');                 INSERT INTO doctor_has_email (doctor_iddoctor, email_idemail) VALUES (323,2458);            COMMIT;            ROLLBACK;
BEGIN;             INSERT INTO doctor (iddoctor, nombre, descripcion, forma_atender, estado)             VALUES (324,'SONIA GANZ','(SIN OBSERVACION)','DOCTOR','ACTIVO');            INSERT INTO email (idemail, email) VALUES (2459, 'SANIDENTRCCSPA@GMAIL.COM');                 INSERT INTO doctor_has_email (doctor_iddoctor, email_idemail) VALUES (324,2459);            INSERT INTO email (idemail, email) VALUES (2460, 'SIN CORREO');                 INSERT INTO doctor_has_email (doctor_iddoctor, email_idemail) VALUES (324,2460);            INSERT INTO email (idemail, email) VALUES (2461, 'SIN CORREO');                 INSERT INTO doctor_has_email (doctor_iddoctor, email_idemail) VALUES (324,2461);            COMMIT;            ROLLBACK;
BEGIN;             INSERT INTO doctor (iddoctor, nombre, descripcion, forma_atender, estado)             VALUES (325,'SORAYA LEON','(SIN OBSERVACION)','DOCTOR','ACTIVO');            INSERT INTO email (idemail, email) VALUES (2462, 'SLEON@UTALCA.CL');                 INSERT INTO doctor_has_email (doctor_iddoctor, email_idemail) VALUES (325,2462);            INSERT INTO email (idemail, email) VALUES (2463, 'SIN CORREO');                 INSERT INTO doctor_has_email (doctor_iddoctor, email_idemail) VALUES (325,2463);            INSERT INTO email (idemail, email) VALUES (2464, 'SIN CORREO');                 INSERT INTO doctor_has_email (doctor_iddoctor, email_idemail) VALUES (325,2464);            COMMIT;            ROLLBACK;
BEGIN;             INSERT INTO doctor (iddoctor, nombre, descripcion, forma_atender, estado)             VALUES (326,'STEFANIE REGHEZZA','(SIN OBSERVACION)','DOCTOR','ACTIVO');            INSERT INTO email (idemail, email) VALUES (2465, 'CONTACTOTALCA2@UNOSALUD.COM');                 INSERT INTO doctor_has_email (doctor_iddoctor, email_idemail) VALUES (326,2465);            INSERT INTO email (idemail, email) VALUES (2466, 'SIN CORREO');                 INSERT INTO doctor_has_email (doctor_iddoctor, email_idemail) VALUES (326,2466);            INSERT INTO email (idemail, email) VALUES (2467, 'SIN CORREO');                 INSERT INTO doctor_has_email (doctor_iddoctor, email_idemail) VALUES (326,2467);            COMMIT;            ROLLBACK;
BEGIN;             INSERT INTO doctor (iddoctor, nombre, descripcion, forma_atender, estado)             VALUES (327,'SUSAN VALENZUELA','(SIN OBSERVACION)','DOCTOR','ACTIVO');            INSERT INTO email (idemail, email) VALUES (2468, 'CD.SUVALENZUELA@GMAIL.COM');                 INSERT INTO doctor_has_email (doctor_iddoctor, email_idemail) VALUES (327,2468);            INSERT INTO email (idemail, email) VALUES (2469, 'SIN CORREO');                 INSERT INTO doctor_has_email (doctor_iddoctor, email_idemail) VALUES (327,2469);            INSERT INTO email (idemail, email) VALUES (2470, 'SIN CORREO');                 INSERT INTO doctor_has_email (doctor_iddoctor, email_idemail) VALUES (327,2470);            COMMIT;            ROLLBACK;
BEGIN;             INSERT INTO doctor (iddoctor, nombre, descripcion, forma_atender, estado)             VALUES (328,'SUSANA CONTARDO','(SIN OBSERVACION)','DOCTOR','ACTIVO');            INSERT INTO email (idemail, email) VALUES (2471, 'CLINICACASTROCONTARDO@GMAIL.COM');                 INSERT INTO doctor_has_email (doctor_iddoctor, email_idemail) VALUES (328,2471);            INSERT INTO email (idemail, email) VALUES (2472, 'SIN CORREO');                 INSERT INTO doctor_has_email (doctor_iddoctor, email_idemail) VALUES (328,2472);            INSERT INTO email (idemail, email) VALUES (2473, 'SIN CORREO');                 INSERT INTO doctor_has_email (doctor_iddoctor, email_idemail) VALUES (328,2473);            COMMIT;            ROLLBACK;
BEGIN;             INSERT INTO doctor (iddoctor, nombre, descripcion, forma_atender, estado)             VALUES (329,'TOMÁS IGNACIO ABRAHAM','(SIN OBSERVACION)','DOCTOR','ACTIVO');            INSERT INTO email (idemail, email) VALUES (2474, 'RX.IO.TALCA@GMAIL.COM');                 INSERT INTO doctor_has_email (doctor_iddoctor, email_idemail) VALUES (329,2474);            INSERT INTO email (idemail, email) VALUES (2475, 'SIN CORREO');                 INSERT INTO doctor_has_email (doctor_iddoctor, email_idemail) VALUES (329,2475);            INSERT INTO email (idemail, email) VALUES (2476, 'SIN CORREO');                 INSERT INTO doctor_has_email (doctor_iddoctor, email_idemail) VALUES (329,2476);            COMMIT;            ROLLBACK;
BEGIN;             INSERT INTO doctor (iddoctor, nombre, descripcion, forma_atender, estado)             VALUES (330,'TRACY POZO RAMIREZ','(SIN OBSERVACION)','DOCTOR','ACTIVO');            INSERT INTO email (idemail, email) VALUES (2477, 'TRACY@LIVE.CL');                 INSERT INTO doctor_has_email (doctor_iddoctor, email_idemail) VALUES (330,2477);            INSERT INTO email (idemail, email) VALUES (2478, 'SIN CORREO');                 INSERT INTO doctor_has_email (doctor_iddoctor, email_idemail) VALUES (330,2478);            INSERT INTO email (idemail, email) VALUES (2479, 'SIN CORREO');                 INSERT INTO doctor_has_email (doctor_iddoctor, email_idemail) VALUES (330,2479);            COMMIT;            ROLLBACK;
BEGIN;             INSERT INTO doctor (iddoctor, nombre, descripcion, forma_atender, estado)             VALUES (331,'TRINIDAD RIOSECO','(SIN OBSERVACION)','DOCTOR','ACTIVO');            INSERT INTO email (idemail, email) VALUES (2480, 'TRINIRIOSECO@GMAIL.COM');                 INSERT INTO doctor_has_email (doctor_iddoctor, email_idemail) VALUES (331,2480);            INSERT INTO email (idemail, email) VALUES (2481, 'SIN CORREO');                 INSERT INTO doctor_has_email (doctor_iddoctor, email_idemail) VALUES (331,2481);            INSERT INTO email (idemail, email) VALUES (2482, 'SIN CORREO');                 INSERT INTO doctor_has_email (doctor_iddoctor, email_idemail) VALUES (331,2482);            COMMIT;            ROLLBACK;
BEGIN;             INSERT INTO doctor (iddoctor, nombre, descripcion, forma_atender, estado)             VALUES (332,'VALENTIN SALVADORES PEREZ','(SIN OBSERVACION)','DOCTOR','ACTIVO');            INSERT INTO email (idemail, email) VALUES (2483, 'DRSALVADORES@GMAIL.COM');                 INSERT INTO doctor_has_email (doctor_iddoctor, email_idemail) VALUES (332,2483);            INSERT INTO email (idemail, email) VALUES (2484, 'SIN CORREO');                 INSERT INTO doctor_has_email (doctor_iddoctor, email_idemail) VALUES (332,2484);            INSERT INTO email (idemail, email) VALUES (2485, 'SIN CORREO');                 INSERT INTO doctor_has_email (doctor_iddoctor, email_idemail) VALUES (332,2485);            COMMIT;            ROLLBACK;
BEGIN;             INSERT INTO doctor (iddoctor, nombre, descripcion, forma_atender, estado)             VALUES (333,'VALENTINA ALVAREZ','(SIN OBSERVACION)','DOCTOR','ACTIVO');            INSERT INTO email (idemail, email) VALUES (2486, 'RXCESFAMLAFLORIDA@GMAIL.COM');                 INSERT INTO doctor_has_email (doctor_iddoctor, email_idemail) VALUES (333,2486);            INSERT INTO email (idemail, email) VALUES (2487, 'SIN CORREO');                 INSERT INTO doctor_has_email (doctor_iddoctor, email_idemail) VALUES (333,2487);            INSERT INTO email (idemail, email) VALUES (2488, 'SIN CORREO');                 INSERT INTO doctor_has_email (doctor_iddoctor, email_idemail) VALUES (333,2488);            COMMIT;            ROLLBACK;
BEGIN;             INSERT INTO doctor (iddoctor, nombre, descripcion, forma_atender, estado)             VALUES (334,'VALENTINA BEROIZA','(SE ENVIA AL MAIL SEGÚN LA ORDEN)','DOCTOR','ACTIVO');            INSERT INTO email (idemail, email) VALUES (2489, 'ODONTOLOGIABERAST@GMAIL.COM');                 INSERT INTO doctor_has_email (doctor_iddoctor, email_idemail) VALUES (334,2489);            INSERT INTO email (idemail, email) VALUES (2490, 'VALENTINA.BEROIZA@GMAIL.COM');                 INSERT INTO doctor_has_email (doctor_iddoctor, email_idemail) VALUES (334,2490);            INSERT INTO email (idemail, email) VALUES (2491, 'SIN CORREO');                 INSERT INTO doctor_has_email (doctor_iddoctor, email_idemail) VALUES (334,2491);            COMMIT;            ROLLBACK;
BEGIN;             INSERT INTO doctor (iddoctor, nombre, descripcion, forma_atender, estado)             VALUES (335,'VALENTINA BUSTOS','(SIN OBSERVACION)','DOCTOR','ACTIVO');            INSERT INTO email (idemail, email) VALUES (2492, 'CUMBRESDENTAL@GMAIL.COM');                 INSERT INTO doctor_has_email (doctor_iddoctor, email_idemail) VALUES (335,2492);            INSERT INTO email (idemail, email) VALUES (2493, 'SIN CORREO');                 INSERT INTO doctor_has_email (doctor_iddoctor, email_idemail) VALUES (335,2493);            INSERT INTO email (idemail, email) VALUES (2494, 'SIN CORREO');                 INSERT INTO doctor_has_email (doctor_iddoctor, email_idemail) VALUES (335,2494);            COMMIT;            ROLLBACK;
BEGIN;             INSERT INTO doctor (iddoctor, nombre, descripcion, forma_atender, estado)             VALUES (336,'VALENTINA CRISOSTOMO','(SIN OBSERVACION)','DOCTOR','ACTIVO');            INSERT INTO email (idemail, email) VALUES (2495, 'VALENTINACRISOSTOMO@SALUDSANCLEMENTE.CL');                 INSERT INTO doctor_has_email (doctor_iddoctor, email_idemail) VALUES (336,2495);            INSERT INTO email (idemail, email) VALUES (2496, 'SIN CORREO');                 INSERT INTO doctor_has_email (doctor_iddoctor, email_idemail) VALUES (336,2496);            INSERT INTO email (idemail, email) VALUES (2497, 'SIN CORREO');                 INSERT INTO doctor_has_email (doctor_iddoctor, email_idemail) VALUES (336,2497);            COMMIT;            ROLLBACK;
BEGIN;             INSERT INTO doctor (iddoctor, nombre, descripcion, forma_atender, estado)             VALUES (337,'VALENTINA LARA','(SIN OBSERVACION)','DOCTOR','ACTIVO');            INSERT INTO email (idemail, email) VALUES (2498, 'LARAGAETE.VALENTINA@GMAIL.COM');                 INSERT INTO doctor_has_email (doctor_iddoctor, email_idemail) VALUES (337,2498);            INSERT INTO email (idemail, email) VALUES (2499, 'SIN CORREO');                 INSERT INTO doctor_has_email (doctor_iddoctor, email_idemail) VALUES (337,2499);            INSERT INTO email (idemail, email) VALUES (2500, 'SIN CORREO');                 INSERT INTO doctor_has_email (doctor_iddoctor, email_idemail) VALUES (337,2500);            COMMIT;            ROLLBACK;
BEGIN;             INSERT INTO doctor (iddoctor, nombre, descripcion, forma_atender, estado)             VALUES (338,'VALENTINA SCHORR','(SIN OBSERVACION)','DOCTOR','ACTIVO');            INSERT INTO email (idemail, email) VALUES (2501, 'VALENTINASCHORR@HOTMAIL.COM');                 INSERT INTO doctor_has_email (doctor_iddoctor, email_idemail) VALUES (338,2501);            INSERT INTO email (idemail, email) VALUES (2502, 'MIAORTODONCIAYESTETICA@GMAIL.COM');                 INSERT INTO doctor_has_email (doctor_iddoctor, email_idemail) VALUES (338,2502);            INSERT INTO email (idemail, email) VALUES (2503, 'SIN CORREO');                 INSERT INTO doctor_has_email (doctor_iddoctor, email_idemail) VALUES (338,2503);            COMMIT;            ROLLBACK;
BEGIN;             INSERT INTO doctor (iddoctor, nombre, descripcion, forma_atender, estado)             VALUES (339,'VALERIA BRAVO','(SE ENVIA AL MAIL SEGÚN LA ORDEN)','DOCTOR','ACTIVO');            INSERT INTO email (idemail, email) VALUES (2504, 'RXEDENSPADENTAL@GMAIL.COM');                 INSERT INTO doctor_has_email (doctor_iddoctor, email_idemail) VALUES (339,2504);            INSERT INTO email (idemail, email) VALUES (2505, 'VABRAVOLEON@GMAIL.COM');                 INSERT INTO doctor_has_email (doctor_iddoctor, email_idemail) VALUES (339,2505);            INSERT INTO email (idemail, email) VALUES (2506, 'SIN CORREO');                 INSERT INTO doctor_has_email (doctor_iddoctor, email_idemail) VALUES (339,2506);            COMMIT;            ROLLBACK;
BEGIN;             INSERT INTO doctor (iddoctor, nombre, descripcion, forma_atender, estado)             VALUES (340,'VALERIA HERMOSILLA','(SE ENVIA AL MAIL SEGÚN LA ORDEN)','DOCTOR','ACTIVO');            INSERT INTO email (idemail, email) VALUES (2507, 'RX.IO.TALCA@GMAIL.COM');                 INSERT INTO doctor_has_email (doctor_iddoctor, email_idemail) VALUES (340,2507);            INSERT INTO email (idemail, email) VALUES (2508, 'VALERIAHERMOSILLA@GMAIL.COM');                 INSERT INTO doctor_has_email (doctor_iddoctor, email_idemail) VALUES (340,2508);            INSERT INTO email (idemail, email) VALUES (2509, 'SIN CORREO');                 INSERT INTO doctor_has_email (doctor_iddoctor, email_idemail) VALUES (340,2509);            COMMIT;            ROLLBACK;
BEGIN;             INSERT INTO doctor (iddoctor, nombre, descripcion, forma_atender, estado)             VALUES (341,'VALERIA SAN MARTIN','(SIN OBSERVACION)','DOCTOR','ACTIVO');            INSERT INTO email (idemail, email) VALUES (2510, 'VALERIA.SANMARTIN@SALUDSANJAVIER.CL');                 INSERT INTO doctor_has_email (doctor_iddoctor, email_idemail) VALUES (341,2510);            INSERT INTO email (idemail, email) VALUES (2511, 'SIN CORREO');                 INSERT INTO doctor_has_email (doctor_iddoctor, email_idemail) VALUES (341,2511);            INSERT INTO email (idemail, email) VALUES (2512, 'SIN CORREO');                 INSERT INTO doctor_has_email (doctor_iddoctor, email_idemail) VALUES (341,2512);            COMMIT;            ROLLBACK;
BEGIN;             INSERT INTO doctor (iddoctor, nombre, descripcion, forma_atender, estado)             VALUES (342,'VALESKA MEDEL','(SE ENVIA AL MAIL SEGÚN LA ORDEN)','DOCTOR','ACTIVO');            INSERT INTO email (idemail, email) VALUES (2513, 'STAMARTA2020@HOTMAIL.COM');                 INSERT INTO doctor_has_email (doctor_iddoctor, email_idemail) VALUES (342,2513);            INSERT INTO email (idemail, email) VALUES (2514, 'VALESKAMEDELMIRANDA@GMAIL.COM');                 INSERT INTO doctor_has_email (doctor_iddoctor, email_idemail) VALUES (342,2514);            INSERT INTO email (idemail, email) VALUES (2515, 'SIN CORREO');                 INSERT INTO doctor_has_email (doctor_iddoctor, email_idemail) VALUES (342,2515);            COMMIT;            ROLLBACK;
BEGIN;             INSERT INTO doctor (iddoctor, nombre, descripcion, forma_atender, estado)             VALUES (343,'VANESSA CESPED','(SIN OBSERVACION)','DOCTOR','ACTIVO');            INSERT INTO email (idemail, email) VALUES (2516, 'CESPEDVP@GMAIL.COM');                 INSERT INTO doctor_has_email (doctor_iddoctor, email_idemail) VALUES (343,2516);            INSERT INTO email (idemail, email) VALUES (2517, 'SIN CORREO');                 INSERT INTO doctor_has_email (doctor_iddoctor, email_idemail) VALUES (343,2517);            INSERT INTO email (idemail, email) VALUES (2518, 'SIN CORREO');                 INSERT INTO doctor_has_email (doctor_iddoctor, email_idemail) VALUES (343,2518);            COMMIT;            ROLLBACK;
BEGIN;             INSERT INTO doctor (iddoctor, nombre, descripcion, forma_atender, estado)             VALUES (344,'VICTOR DAZA','(SIN OBSERVACION)','DOCTOR','ACTIVO');            INSERT INTO email (idemail, email) VALUES (2519, 'VICTOR.DAZA@AYEN.CL');                 INSERT INTO doctor_has_email (doctor_iddoctor, email_idemail) VALUES (344,2519);            INSERT INTO email (idemail, email) VALUES (2520, 'SIN CORREO');                 INSERT INTO doctor_has_email (doctor_iddoctor, email_idemail) VALUES (344,2520);            INSERT INTO email (idemail, email) VALUES (2521, 'SIN CORREO');                 INSERT INTO doctor_has_email (doctor_iddoctor, email_idemail) VALUES (344,2521);            COMMIT;            ROLLBACK;
BEGIN;             INSERT INTO doctor (iddoctor, nombre, descripcion, forma_atender, estado)             VALUES (345,'VICTORIA GATICA','(SIN OBSERVACION)','DOCTOR','ACTIVO');            INSERT INTO email (idemail, email) VALUES (2522, 'CONTACTODRAGATICA@GMAIL.COM');                 INSERT INTO doctor_has_email (doctor_iddoctor, email_idemail) VALUES (345,2522);            INSERT INTO email (idemail, email) VALUES (2523, 'SIN CORREO');                 INSERT INTO doctor_has_email (doctor_iddoctor, email_idemail) VALUES (345,2523);            INSERT INTO email (idemail, email) VALUES (2524, 'SIN CORREO');                 INSERT INTO doctor_has_email (doctor_iddoctor, email_idemail) VALUES (345,2524);            COMMIT;            ROLLBACK;
BEGIN;             INSERT INTO doctor (iddoctor, nombre, descripcion, forma_atender, estado)             VALUES (346,'VICTORIA QUIROZ','(SIN OBSERVACION)','DOCTOR','ACTIVO');            INSERT INTO email (idemail, email) VALUES (2525, 'VIQUI.QUIROZ.RIVERO@GMAIL.COM');                 INSERT INTO doctor_has_email (doctor_iddoctor, email_idemail) VALUES (346,2525);            INSERT INTO email (idemail, email) VALUES (2526, 'SIN CORREO');                 INSERT INTO doctor_has_email (doctor_iddoctor, email_idemail) VALUES (346,2526);            INSERT INTO email (idemail, email) VALUES (2527, 'SIN CORREO');                 INSERT INTO doctor_has_email (doctor_iddoctor, email_idemail) VALUES (346,2527);            COMMIT;            ROLLBACK;
BEGIN;             INSERT INTO doctor (iddoctor, nombre, descripcion, forma_atender, estado)             VALUES (347,'WILSON ZAMBRANO','(SIN OBSERVACION)','DOCTOR','ACTIVO');            INSERT INTO email (idemail, email) VALUES (2528, 'STAMARTA2020@HOTMAIL.COM');                 INSERT INTO doctor_has_email (doctor_iddoctor, email_idemail) VALUES (347,2528);            INSERT INTO email (idemail, email) VALUES (2529, 'SIN CORREO');                 INSERT INTO doctor_has_email (doctor_iddoctor, email_idemail) VALUES (347,2529);            INSERT INTO email (idemail, email) VALUES (2530, 'SIN CORREO');                 INSERT INTO doctor_has_email (doctor_iddoctor, email_idemail) VALUES (347,2530);            COMMIT;            ROLLBACK;
BEGIN;             INSERT INTO doctor (iddoctor, nombre, descripcion, forma_atender, estado)             VALUES (348,'YASNA VASQUEZ','(SE ENVIA AL MAIL SEGÚN LA ORDEN)','DOCTOR','ACTIVO');            INSERT INTO email (idemail, email) VALUES (2531, 'CLINICADENTALBOREAL@GMAIL.COM');                 INSERT INTO doctor_has_email (doctor_iddoctor, email_idemail) VALUES (348,2531);            INSERT INTO email (idemail, email) VALUES (2532, 'YVASQUEZGO@GMAIL.COM');                 INSERT INTO doctor_has_email (doctor_iddoctor, email_idemail) VALUES (348,2532);            INSERT INTO email (idemail, email) VALUES (2533, 'SIN CORREO');                 INSERT INTO doctor_has_email (doctor_iddoctor, email_idemail) VALUES (348,2533);            COMMIT;            ROLLBACK;
BEGIN;             INSERT INTO doctor (iddoctor, nombre, descripcion, forma_atender, estado)             VALUES (349,'YOCELYN RODRÍGUEZ','(SE ENVIA AL MAIL SEGÚN LA ORDEN)','DOCTOR','ACTIVO');            INSERT INTO email (idemail, email) VALUES (2534, 'YOCELYNRODRIGUEZGOMEZ@GMAIL.COM');                 INSERT INTO doctor_has_email (doctor_iddoctor, email_idemail) VALUES (349,2534);            INSERT INTO email (idemail, email) VALUES (2535, 'ELPEHUENTALCA.RX@GMAIL.COM');                 INSERT INTO doctor_has_email (doctor_iddoctor, email_idemail) VALUES (349,2535);            INSERT INTO email (idemail, email) VALUES (2536, 'DENTAL11ORIENTE@GMAIL.COM');                 INSERT INTO doctor_has_email (doctor_iddoctor, email_idemail) VALUES (349,2536);            COMMIT;            ROLLBACK;
