SP_;78439792;;SP_78439792
SP_;78439793;;SP_78439793
SP_;78439794;;SP_78439794
SP_;78439795;;SP_78439795
SP_;78439796;;SP_78439796
SP_;78439797;;SP_78439797
SP_;78439798;;SP_78439798
SP_;78439799;;SP_78439799
SP_;78439800;;SP_78439800
SP_;78439801;;SP_78439801
SP_;78439802;;SP_78439802
SP_;78439803;;SP_78439803
SP_;78439804;;SP_78439804
SP_;78439805;;SP_78439805
SP_;78439806;;SP_78439806
SP_;78439807;;SP_78439807
SP_;78439808;;SP_78439808
SP_;78439809;;SP_78439809
SP_;78439810;;SP_78439810
SP_;78439811;;SP_78439811
SP_;78439812;;SP_78439812
SP_;78439813;;SP_78439813
SP_;78439814;;SP_78439814
SP_;78439815;;SP_78439815
SP_;78439816;;SP_78439816
SP_;78439817;;SP_78439817
SP_;78439818;;SP_78439818
SP_;78439819;;SP_78439819
SP_;78439820;;SP_78439820
SP_;78439821;;SP_78439821
SP_;78439822;;SP_78439822
SP_;78439823;;SP_78439823
SP_;78439824;;SP_78439824
SP_;78439825;;SP_78439825
SP_;78439826;;SP_78439826
SP_;78439827;;SP_78439827
SP_;78439828;;SP_78439828
SP_;78439829;;SP_78439829
SP_;78439830;;SP_78439830
SP_;78439831;;SP_78439831
SP_;78439832;;SP_78439832
SP_;78439833;;SP_78439833
SP_;78439834;;SP_78439834
SP_;78439835;;SP_78439835
SP_;78439836;;SP_78439836
SP_;78439837;;SP_78439837
SP_;78439838;;SP_78439838
SP_;78439839;;SP_78439839
SP_;78439840;;SP_78439840
SP_;78439841;;SP_78439841
SP_;78439842;;SP_78439842
SP_;78439843;;SP_78439843
SP_;78439844;;SP_78439844
SP_;78439845;;SP_78439845
SP_;78439846;;SP_78439846
SP_;78439847;;SP_78439847
SP_;78439848;;SP_78439848
SP_;78439849;;SP_78439849
SP_;78439850;;SP_78439850
SP_;78439851;;SP_78439851
SP_;78439852;;SP_78439852
SP_;78439853;;SP_78439853
SP_;78439854;;SP_78439854
SP_;78439855;;SP_78439855
SP_;78439856;;SP_78439856
SP_;78439857;;SP_78439857
SP_;78439858;;SP_78439858
SP_;78439859;;SP_78439859
SP_;78439860;;SP_78439860
SP_;78439861;;SP_78439861
SP_;78439862;;SP_78439862
SP_;78439863;;SP_78439863
SP_;78439864;;SP_78439864
SP_;78439865;;SP_78439865
SP_;78439866;;SP_78439866
SP_;78439867;;SP_78439867
SP_;78439868;;SP_78439868
SP_;78439869;;SP_78439869
SP_;78439870;;SP_78439870
SP_;78439871;;SP_78439871
SP_;78439872;;SP_78439872
SP_;78439873;;SP_78439873
SP_;78439874;;SP_78439874
SP_;78439875;;SP_78439875
SP_;78439876;;SP_78439876
SP_;78439877;;SP_78439877
SP_;78439878;;SP_78439878
SP_;78439879;;SP_78439879
SP_;78439880;;SP_78439880
SP_;78439881;;SP_78439881
SP_;78439882;;SP_78439882
SP_;78439883;;SP_78439883
SP_;78439884;;SP_78439884
SP_;78439885;;SP_78439885
SP_;78439886;;SP_78439886
SP_;78439887;;SP_78439887
SP_;78439888;;SP_78439888
SP_;78439889;;SP_78439889
SP_;78439890;;SP_78439890
SP_;78439891;;SP_78439891
SP_;78439892;;SP_78439892
SP_;78439893;;SP_78439893
SP_;78439894;;SP_78439894
SP_;78439895;;SP_78439895
SP_;78439896;;SP_78439896
SP_;78439897;;SP_78439897
SP_;78439898;;SP_78439898
SP_;78439899;;SP_78439899
SP_;78439900;;SP_78439900
SP_;78439901;;SP_78439901
